Date,4GLD.DE,ADS.DE,ALV.DE,BAS.DE,BMW.DE,DBK.DE,EXHA.DE,MUV2.DE,SAP.DE,SIE.DE
2021-09-28,47.86399841308594,252.86349487304688,151.7049102783203,47.71089553833008,59.77079391479492,9.440004348754883,132.44851684570312,194.11453247070312,108.4407958984375,125.79998016357422
2021-09-29,47.95000076293945,256.8922424316406,153.45980834960938,48.461788177490234,61.05741882324219,9.51266098022461,132.4918975830078,196.5343017578125,108.45921325683594,126.04606628417969
2021-09-30,48.821998596191406,257.65057373046875,152.64503479003906,48.47650909423828,59.82138442993164,9.547257423400879,132.4388427734375,194.31959533691406,107.63043212890625,124.72777557373047
2021-10-01,48.790000915527344,256.1813049316406,153.0054168701172,47.556304931640625,60.59481430053711,9.341401100158691,132.5834197998047,194.606689453125,107.05949401855469,121.01898193359375
2021-10-04,48.82400131225586,250.30404663085938,152.64503479003906,47.50477600097656,60.2984504699707,9.220308303833008,132.5641632080078,196.86241149902344,105.69662475585938,119.4018783569336
2021-10-05,48.757999420166016,249.97227478027344,154.650634765625,47.56367111206055,60.50807189941406,9.5507173538208,132.4003448486328,199.2821807861328,105.84396362304688,121.15959167480469
2021-10-06,49.01599884033203,248.21856689453125,153.38145446777344,45.576019287109375,58.990135192871094,9.450383186340332,132.3762969970703,197.10848999023438,107.09634399414062,118.80425262451172
2021-10-07,48.86199951171875,253.10049438476562,155.66909790039062,46.62873458862305,60.320133209228516,9.856907844543457,132.40997314453125,198.66697692871094,108.9012222290039,121.07171630859375
2021-10-08,48.8120002746582,248.64515686035156,155.57508850097656,46.879032135009766,61.2092170715332,9.898425102233887,132.2124786376953,199.7333221435547,108.1461181640625,120.98382568359375
2021-10-11,48.84000015258789,247.64979553222656,155.8571319580078,47.254478454589844,62.575374603271484,9.960700988769531,132.1161346435547,198.50294494628906,107.86985778808594,119.85888671875
2021-10-12,49.02799987792969,246.55970764160156,154.96400451660156,47.51949691772461,62.52476501464844,9.894965171813965,131.90895080566406,198.09280395507812,107.6856918334961,119.6479721069336
2021-10-13,49.827999114990234,249.16653442382812,152.8330535888672,47.777156829833984,62.033241271972656,9.472872734069824,131.9908905029297,196.16519165039062,111.88481903076172,120.2983169555664
2021-10-14,49.86399841308594,253.10049438476562,153.8671875,47.917022705078125,62.4235725402832,9.56801700592041,132.28955078125,198.3389129638672,115.07099914550781,123.9719467163086
2021-10-15,49.11600112915039,260.1152038574219,155.59075927734375,47.85076904296875,63.29097366333008,9.870747566223145,132.2124786376953,200.4305419921875,116.28652954101562,124.1477279663086
2021-10-18,49.00400161743164,256.5604553222656,155.5437469482422,47.15877151489258,62.43079376220703,9.894965171813965,131.98605346679688,199.4462127685547,115.08942413330078,122.91732025146484
2021-10-19,48.94599914550781,254.38021850585938,155.96681213378906,46.92320251464844,61.77302551269531,9.860367774963379,131.80300903320312,204.5728302001953,114.868408203125,123.60283660888672
2021-10-20,49.25400161743164,255.04373168945312,155.99815368652344,46.7318000793457,61.201988220214844,9.941672325134277,131.96678161621094,205.80323791503906,114.03963470458984,124.88597106933594
2021-10-21,49.14400100708008,261.20538330078125,155.57508850097656,46.23120880126953,60.891170501708984,10.010868072509766,131.72592163085938,205.02398681640625,110.37460327148438,121.7923812866211
2021-10-22,49.566001892089844,262.8168640136719,155.7161102294922,46.23120880126953,61.93928146362305,10.048925399780273,131.6488037109375,203.2194366455078,111.68222045898438,122.65365600585938
2021-10-25,50.04499816894531,262.9116516113281,155.4810791015625,46.525672912597656,63.27650451660156,10.07314395904541,131.87046813964844,202.52220153808594,113.94754791259766,122.1790771484375
2021-10-26,49.61399841308594,265.3763122558594,157.70603942871094,46.77597427368164,63.91259765625,10.294570922851562,131.8463592529297,206.33641052246094,116.10236358642578,124.23560333251953
2021-10-27,49.731998443603516,264.61798095703125,157.62770080566406,46.709716796875,64.00657653808594,9.581855773925781,131.9908905029297,209.4944305419922,115.0157470703125,123.65556335449219
2021-10-28,49.63999938964844,269.26287841796875,157.4318389892578,46.04716873168945,63.13193893432617,9.580124855041504,131.82705688476562,208.67417907714844,116.3049545288086,122.89974975585938
2021-10-29,49.4640007019043,268.5519104003906,157.58851623535156,45.8484001159668,63.059654235839844,9.640671730041504,131.48504638671875,210.150634765625,115.40251159667969,123.28644561767578
2021-11-01,49.73400115966797,269.2154541015625,158.4111328125,46.223846435546875,63.8114013671875,9.773873329162598,131.60543823242188,210.19161987304688,116.3233642578125,123.69072723388672
2021-11-02,49.641998291015625,270.77960205078125,158.92037963867188,45.79686737060547,64.0716323852539,9.811930656433105,131.9908905029297,212.6934356689453,116.89430236816406,127.4346694946289
2021-11-03,48.96799850463867,276.41986083984375,159.11624145507812,46.0618896484375,65.0257568359375,9.945133209228516,132.00535583496094,213.84181213378906,118.2756118774414,126.71397399902344
2021-11-04,49.93199920654297,278.7897033691406,157.90188598632812,45.28155517578125,65.04743957519531,9.57320499420166,132.44851684570312,214.12889099121094,118.60711669921875,128.2607879638672
2021-11-05,50.415000915527344,282.8658447265625,159.4296112060547,45.701168060302734,66.39189910888672,9.647590637207031,132.71832275390625,212.7754669189453,118.77286529541016,127.94441223144531
2021-11-08,50.59000015258789,278.6949157714844,159.15541076660156,45.671722412109375,65.84254455566406,9.677000045776367,132.54489135742188,213.67774963378906,118.77286529541016,128.4541473388672
2021-11-09,50.71500015258789,280.1168212890625,159.2729034423828,45.42878723144531,65.53173828125,9.507469177246094,132.74720764160156,208.30503845214844,118.16510009765625,128.0498504638672
2021-11-10,51.845001220703125,269.6894836425781,160.80062866210938,45.605464935302734,66.32685089111328,9.597423553466797,132.4581756591797,210.273681640625,117.57574462890625,129.1572265625
2021-11-11,52.209999084472656,266.0872802734375,160.72225952148438,45.85575866699219,66.73886108398438,9.654510498046875,132.38108825683594,209.1663055419922,117.07848358154297,132.8484344482422
2021-11-12,52.32500076293945,265.9925231933594,160.83981323242188,46.120784759521484,67.23761749267578,9.64586067199707,132.631591796875,208.96124267578125,115.1999282836914,130.4227752685547
2021-11-15,52.474998474121094,267.22479248046875,161.1923370361328,45.91465377807617,67.57011413574219,9.689108848571777,132.52711486816406,209.08428955078125,114.84999084472656,131.88169860839844
2021-11-16,52.60499954223633,271.5853271484375,161.23150634765625,46.26065444946289,67.37494659423828,9.720246315002441,132.57542419433594,207.48477172851562,115.89977264404297,134.99285888671875
2021-11-17,52.994998931884766,269.73687744140625,160.80062866210938,46.14286422729492,67.67131042480469,9.89323616027832,132.54165649414062,207.32073974609375,115.53142547607422,135.99476623535156
2021-11-18,52.70000076293945,267.7935791015625,160.40890502929688,46.106056213378906,68.0905532836914,9.846528053283691,132.700927734375,204.90097045898438,114.88682556152344,136.08262634277344
2021-11-19,52.77000045776367,267.6513977050781,158.84202575683594,45.35516357421875,67.36772155761719,9.362159729003906,133.0533447265625,202.76828002929688,115.91819763183594,136.39903259277344
2021-11-22,51.81999969482422,264.4283752441406,159.07705688476562,45.59074401855469,68.50979614257812,9.396757125854492,132.77816772460938,202.80929565429688,112.03216552734375,137.03179931640625
2021-11-23,50.904998779296875,257.697998046875,159.2337646484375,46.34163284301758,68.26403045654297,9.670080184936523,132.55130004882812,204.61387634277344,110.07992553710938,134.7643585205078
2021-11-24,51.44499969482422,254.42758178710938,159.11624145507812,45.56129455566406,66.85450744628906,9.903614044189453,132.52711486816406,207.97694396972656,109.52741241455078,133.533935546875
2021-11-25,51.30500030517578,254.0010223388672,158.76368713378906,45.35516357421875,65.87146759033203,10.007407188415527,132.59957885742188,207.64883422851562,110.33776092529297,134.9752655029297
2021-11-26,51.04999923706055,240.16107177734375,149.98133850097656,42.631351470947266,61.80916213989258,9.25490665435791,133.0147247314453,193.66339111328125,106.10179901123047,127.64559173583984
2021-11-29,50.935001373291016,241.06161499023438,150.4827423095703,42.68288803100586,62.004329681396484,9.235877990722656,132.8988800048828,196.1241912841797,107.5567626953125,127.0479507446289
2021-11-30,50.564998626708984,242.2465362548828,150.76478576660156,42.60927200317383,61.42606735229492,9.220308303833008,132.89404296875,195.5089874267578,104.2232437133789,124.16529846191406
2021-12-01,50.689998626708984,248.0290069580078,155.872802734375,43.625179290771484,64.0716323852539,9.415785789489746,132.72988891601562,202.11207580566406,107.81460571289062,130.0888214111328
2021-12-02,50.20500183105469,242.72048950195312,154.57229614257812,43.492671966552734,63.919830322265625,9.446924209594727,132.96649169921875,201.08673095703125,105.08885955810547,129.8954620361328
2021-12-03,50.564998626708984,236.41668701171875,155.4184112548828,42.99208068847656,63.24759292602539,9.291234016418457,132.90365600585938,201.6199493408203,105.12569427490234,128.7880859375
2021-12-06,50.75,241.962158203125,158.99871826171875,43.86811065673828,63.91259765625,9.664889335632324,132.9326171875,204.81893920898438,107.09634399414062,131.24891662597656
2021-12-07,51.060001373291016,252.48431396484375,161.1531524658203,45.060699462890625,65.6618423461914,9.848257064819336,132.91334533691406,205.5161590576172,110.17201232910156,134.5534210205078
2021-12-08,50.564998626708984,249.30873107910156,160.48724365234375,44.3834342956543,65.87146759033203,9.867287635803223,132.52711486816406,204.81893920898438,108.97489166259766,133.23513793945312
2021-12-09,50.625,245.51695251464844,159.7038116455078,44.088966369628906,65.21368408203125,9.533418655395508,132.72030639648438,203.75259399414062,109.0485610961914,132.7253875732422
2021-12-10,50.76499938964844,241.5355987548828,158.84202575683594,44.044795989990234,64.80890655517578,9.445194244384766,132.68643188476562,203.50653076171875,109.93258666992188,132.74298095703125
2021-12-13,50.93000030517578,239.92408752441406,158.09776306152344,43.853389739990234,64.96792602539062,9.346590995788574,132.85545349121094,202.9733428955078,112.80567932128906,132.3211212158203
2021-12-14,50.56999969482422,235.7057342529297,157.62770080566406,43.853389739990234,63.89813232421875,9.453845024108887,132.72988891601562,203.2194366455078,110.46669006347656,129.47361755371094
2021-12-15,50.435001373291016,238.12298583984375,158.4111328125,43.63254165649414,63.80418014526367,9.372540473937988,132.69610595703125,205.35211181640625,111.55330657958984,130.5634002685547
2021-12-16,51.11000061035156,238.50218200683594,160.87896728515625,44.42024230957031,64.79444122314453,9.564557075500488,132.681640625,210.68380737304688,112.69517517089844,131.82896423339844
2021-12-17,51.404998779296875,239.54490661621094,160.36973571777344,44.309810638427734,62.82835388183594,9.453845024108887,132.86024475097656,211.62709045410156,113.74495697021484,129.9833526611328
2021-12-20,51.05500030517578,232.24575805664062,157.4318389892578,43.47795104980469,61.577857971191406,9.26528549194336,132.86024475097656,204.1627197265625,110.96395111083984,127.15341186523438
2021-12-21,50.92499923706055,233.52548217773438,159.62547302246094,43.95645523071289,62.951229095458984,9.486711502075195,132.53683471679688,206.9926300048828,111.792724609375,128.82325744628906
2021-12-22,50.97999954223633,236.6536865234375,160.21304321289062,44.13313293457031,63.20423126220703,9.510931015014648,132.43539428710938,207.77186584472656,113.02668762207031,129.7548370361328
2021-12-23,51.345001220703125,238.78656005859375,162.17164611816406,44.78096389770508,64.45472717285156,9.680459022521973,132.25204467773438,210.19161987304688,113.74495697021484,132.02232360839844
2021-12-27,51.439998626708984,239.78189086914062,162.60252380371094,45.119598388671875,65.05467224121094,9.708137512207031,132.2134246826172,212.32432556152344,114.31590270996094,132.53204345703125
2021-12-28,51.43000030517578,241.72518920898438,163.8560333251953,45.42142105102539,65.0185317993164,9.751385688781738,132.1168670654297,215.5643310546875,114.99732971191406,134.3073272705078
2021-12-29,51.10499954223633,240.87203979492188,163.03341674804688,45.25210952758789,64.47639465332031,9.6112642288208,131.82235717773438,213.63673400878906,113.78179168701172,133.39334106445312
2021-12-30,51.154998779296875,240.0188751220703,162.6808624267578,45.480316162109375,63.963191986083984,9.529958724975586,131.87551879882812,213.67774963378906,115.0157470703125,134.18429565429688
2022-01-03,51.2400016784668,245.61175537109375,164.40444946289062,46.069252014160156,66.01603698730469,9.815389633178711,131.4989776611328,216.83575439453125,114.40797424316406,135.09832763671875
2022-01-04,51.654998779296875,245.04295349121094,169.10507202148438,48.0789794921875,68.08332824707031,10.112932205200195,131.5810089111328,219.99375915527344,114.53690338134766,136.59237670898438
2022-01-05,51.7599983215332,247.2706298828125,169.81015014648438,48.461788177490234,69.56513214111328,10.249592781066895,131.59071350097656,222.8646697998047,114.94207763671875,138.82469177246094
2022-01-06,50.935001373291016,239.59231567382812,172.35633850097656,48.44706726074219,69.55066680908203,10.509076118469238,131.4120635986328,222.00340270996094,112.28999328613281,135.4850311279297
2022-01-07,50.7599983215332,234.5681915283203,174.35409545898438,48.66791534423828,69.1025161743164,10.695903778076172,131.3155059814453,222.49554443359375,111.68222045898438,133.727294921875
2022-01-10,50.974998474121094,231.5347900390625,175.02000427246094,48.65319061279297,70.25904083251953,10.7028226852417,131.2528076171875,223.39784240722656,111.18496704101562,129.9657745361328
2022-01-11,51.38999938964844,241.48817443847656,176.9002685546875,49.09489440917969,70.85176849365234,10.65092658996582,131.1996612548828,223.76693725585938,112.0689926147461,132.0926055908203
2022-01-12,51.32500076293945,240.77723693847656,177.09613037109375,49.22004318237305,70.43974304199219,10.573081970214844,131.37347412109375,225.202392578125,112.58467102050781,133.780029296875
2022-01-13,50.95000076293945,242.8627166748047,178.1537628173828,49.87522506713867,71.5745849609375,10.552323341369629,131.4603271484375,228.64749145507812,110.96395111083984,133.1472625732422
2022-01-14,51.244998931884766,239.213134765625,177.84039306640625,50.14024353027344,71.79143524169922,10.339547157287598,131.26724243164062,224.09506225585938,110.94554138183594,128.19049072265625
2022-01-17,51.25,239.49749755859375,177.8795623779297,50.162330627441406,71.5745849609375,10.394903182983398,131.11276245117188,224.58718872070312,112.82408905029297,128.3135223388672
2022-01-18,51.415000915527344,240.96681213378906,177.01779174804688,49.80897521972656,71.51676940917969,10.315326690673828,131.10792541503906,223.56187438964844,111.3875503540039,125.32542419433594
2022-01-19,52.119998931884766,240.39804077148438,175.33340454101562,49.91203689575195,70.73611450195312,10.192506790161133,131.11276245117188,223.76693725585938,111.81114196777344,126.85459899902344
2022-01-20,52.17499923706055,242.34133911132812,176.11683654785156,49.64701461791992,69.99159240722656,10.099091529846191,131.0645294189453,222.94668579101562,113.2477035522461,129.10447692871094
2022-01-21,51.994998931884766,237.5542449951172,173.6881866455078,48.71944808959961,69.07360076904297,9.927833557128906,131.3251495361328,218.4352264404297,111.60855102539062,127.01280975341797
2022-01-24,52.1150016784668,228.21701049804688,169.692626953125,47.306007385253906,66.12445831298828,9.306803703308105,131.576171875,213.80078125,106.82007598876953,120.79048156738281
2022-01-25,52.63999938964844,225.37318420410156,172.3955078125,48.09370422363281,66.55815124511719,9.57839584350586,131.474853515625,217.86106872558594,107.3910140991211,121.73965454101562
2022-01-26,52.22999954223633,230.53945922851562,176.11683654785156,49.55131149291992,68.0688705444336,9.877667427062988,131.5279083251953,223.4798583984375,108.55130004882812,124.1301498413086
2022-01-27,51.73500061035156,229.54409790039062,179.1722412109375,50.390541076660156,67.94598388671875,10.310139656066895,131.30104064941406,229.83688354492188,102.06841278076172,123.47978210449219
2022-01-28,51.41999816894531,223.85646057128906,178.46714782714844,50.434715270996094,66.78946685791016,10.303218841552734,131.16587829589844,229.09860229492188,99.61892700195312,121.58145141601562
2022-01-31,51.505001068115234,229.638916015625,178.11460876464844,49.70590591430664,67.18701934814453,10.599031448364258,130.79901123046875,228.8935546875,101.66324615478516,122.93490600585938
2022-02-01,51.69499969482422,231.0608367919922,177.95790100097656,50.02981948852539,68.1556167602539,10.929437637329102,130.61558532714844,229.38571166992188,104.05748748779297,123.86649322509766
2022-02-02,51.46500015258789,233.33587646484375,177.8795623779297,50.022457122802734,67.71469116210938,10.93289852142334,130.51422119140625,227.90927124023438,103.22870635986328,123.49738311767578
2022-02-03,50.79499816894531,229.638916015625,176.6260528564453,49.67646408081055,67.77251434326172,11.469164848327637,129.52462768554688,224.71026611328125,100.46611785888672,120.24559020996094
2022-02-04,50.70500183105469,227.60084533691406,174.1190643310547,49.10961151123047,64.80890655517578,11.744215965270996,129.05636596679688,219.00942993164062,100.53978729248047,116.74771881103516
2022-02-07,51.10499954223633,227.93263244628906,176.86109924316406,49.30101776123047,64.95347595214844,11.848010063171387,129.0274200439453,221.67527770996094,102.3999252319336,119.17337799072266
2022-02-08,51.474998474121094,226.6529083251953,180.07318115234375,50.20649719238281,64.9896240234375,12.432711601257324,128.8294677734375,223.88999938964844,101.05547332763672,120.05223846435547
2022-02-09,51.45500183105469,232.1983642578125,181.71841430664062,50.51569366455078,67.4616928100586,12.463850021362305,129.20120239257812,223.31581115722656,101.07389068603516,121.42327117919922
2022-02-10,51.48500061035156,230.2550506591797,179.60311889648438,50.47151565551758,67.0569076538086,12.508828163146973,128.69435119628906,222.1263885498047,100.6502914428711,127.15341186523438
2022-02-11,51.7599983215332,223.90386962890625,179.83815002441406,50.56722640991211,68.88567352294922,12.453471183776855,128.81021118164062,222.90567016601562,98.99273681640625,127.84033966064453
2022-02-14,52.880001068115234,219.11676025390625,174.7849884033203,48.91820526123047,66.92679595947266,12.019269943237305,128.9453582763672,215.40029907226562,97.04051208496094,126.0868911743164
2022-02-15,52.3849983215332,223.00332641601562,176.939453125,50.19913864135742,68.61821746826172,12.124791145324707,128.8191680908203,218.148193359375,97.33518981933594,129.6118621826172
2022-02-16,52.720001220703125,222.0553741455078,176.58689880371094,50.442073822021484,67.98213195800781,12.008890151977539,129.05145263671875,219.54258728027344,97.1510238647461,128.83457946777344
2022-02-17,53.60499954223633,218.54800415039062,174.31492614746094,49.9488410949707,69.36996459960938,11.841090202331543,129.35630798339844,216.13851928710938,96.93001556396484,126.0868911743164
2022-02-18,53.689998626708984,217.45785522460938,167.7340545654297,49.51450729370117,68.94349670410156,11.732108116149902,129.6079559326172,214.5800323486328,94.16741943359375,123.23072052001953
2022-02-21,53.790000915527344,214.23486328125,163.22927856445312,48.65319061279297,66.70994567871094,11.502033233642578,129.58375549316406,210.97088623046875,93.0255355834961,120.7361068725586
2022-02-22,53.90999984741211,211.4384307861328,161.85826110839844,48.049537658691406,65.72689819335938,11.420727729797363,129.259521484375,211.17596435546875,92.14151763916016,119.34416198730469
2022-02-23,54.20000076293945,206.5565185546875,161.66241455078125,47.747703552246094,66.22565460205078,11.135294914245605,129.23536682128906,206.29541015625,91.71792602539062,118.89224243164062
2022-02-24,55.404998779296875,199.20997619628906,156.84426879882812,44.950279235839844,61.43329620361328,9.739275932312012,129.67572021484375,199.9794158935547,89.76570129394531,112.23991394042969
2022-02-25,53.88999938964844,202.7173614501953,162.524169921875,44.48649597167969,63.62346649169922,10.273811340332031,129.29824829101562,206.8695831298828,93.37548828125,117.24723815917969
2022-02-28,54.40999984741211,201.01107788085938,159.2729034423828,43.617820739746094,62.568138122558594,9.739275932312012,130.0482940673828,202.72726440429688,93.30181121826172,114.4814682006836
2022-03-01,55.875,193.71192932128906,153.33445739746094,40.87192153930664,59.626220703125,9.002342224121094,131.65966796875,192.8431396484375,91.05489349365234,108.87760162353516
2022-03-02,55.5,194.8020477294922,154.58798217773438,42.1749382019043,58.23115158081055,8.9850435256958,130.8757781982422,194.40164184570312,92.89662170410156,111.8964614868164
2022-03-03,56.125,189.87277221679688,153.60084533691406,40.452308654785156,56.02653503417969,8.737669944763184,130.9483642578125,189.80816650390625,91.36800384521484,109.92606353759766
2022-03-04,57.78499984741211,177.26513671875,147.7250518798828,37.69168472290039,52.83884811401367,7.912512302398682,131.79518127441406,179.554931640625,89.11187744140625,102.33374786376953
2022-03-07,58.584999084472656,167.69090270996094,143.54148864746094,35.902801513671875,50.973941802978516,7.6936821937561035,131.18060302734375,171.55738830566406,89.57231140136719,102.83988952636719
2022-03-08,60.790000915527344,175.3123779296875,147.23931884765625,36.64632797241211,51.35704803466797,7.887430191040039,130.46446228027344,180.6212615966797,88.761962890625,104.39452362060547
2022-03-09,57.97999954223633,199.20997619628906,157.94107055664062,40.33452224731445,55.07962417602539,8.481645584106445,129.8402557373047,197.2315216064453,93.3938980102539,115.43954467773438
2022-03-10,58.13999938964844,186.8203887939453,155.19903564453125,39.17137908935547,52.04373550415039,8.424560546875,129.1676025390625,192.51504516601562,90.26295471191406,111.24568939208984
2022-03-11,58.290000915527344,193.380126953125,159.62547302246094,39.66461181640625,52.347328186035156,8.295682907104492,129.09988403320312,194.31959533691406,91.69950866699219,115.04185485839844
2022-03-14,57.310001373291016,195.37081909179688,163.97354125976562,40.23881149291992,53.80021286010742,8.957365036010742,128.55787658691406,197.84674072265625,93.17289733886719,116.74108123779297
2022-03-15,56.44499969482422,193.09576416015625,163.66015625,39.62043762207031,54.44353103637695,8.931417465209961,129.0127716064453,196.49330139160156,92.58354187011719,116.01801300048828
2022-03-16,55.71500015258789,202.48040771484375,169.10507202148438,40.71732711791992,56.66984558105469,9.574934959411621,128.41754150390625,197.64166259765625,94.7015151977539,123.14034271240234
2022-03-17,56.20500183105469,203.00173950195312,167.2248077392578,40.16520309448242,55.419349670410156,9.426165580749512,128.42237854003906,193.00718688964844,95.53028106689453,121.6037826538086
2022-03-18,55.939998626708984,205.32420349121094,166.01046752929688,39.767669677734375,54.86277770996094,9.535149574279785,128.56268310546875,191.6537628173828,95.49346160888672,122.95956420898438
2022-03-21,56.38999938964844,202.43296813964844,166.363037109375,40.04741668701172,55.97593307495117,9.581855773925781,128.0498046875,193.25326538085938,93.8359146118164,120.2841796875
2022-03-22,56.10499954223633,205.37161254882812,168.43914794921875,40.16520309448242,57.146907806396484,10.119851112365723,127.70620727539062,196.86241149902344,94.38842010498047,120.39263153076172
2022-03-23,56.51499938964844,200.72669982910156,166.75474548339844,39.20082473754883,56.56864929199219,10.028166770935059,127.81749725341797,195.96011352539062,92.73086547851562,118.40416717529297
2022-03-24,57.44499969482422,199.3995819091797,166.5980682373047,38.50146484375,56.72044372558594,9.981460571289062,127.46910858154297,194.524658203125,92.4730224609375,117.60877990722656
2022-03-25,57.275001525878906,201.39024353027344,167.1072998046875,38.1407470703125,56.30120086669922,10.083523750305176,127.09651184082031,195.71405029296875,92.87821197509766,116.03608703613281
2022-03-28,56.77000045776367,201.72203063964844,168.2432861328125,38.759124755859375,56.55419158935547,10.086982727050781,126.84971618652344,196.5753173828125,92.98871612548828,116.77723693847656
2022-03-29,55.3650016784668,206.4617462158203,171.22035217285156,40.51856231689453,59.727413177490234,10.351655960083008,126.45292663574219,202.358154296875,95.23561096191406,121.531494140625
2022-03-30,55.73500061035156,205.13461303710938,169.45761108398438,39.23027038574219,58.014312744140625,10.062765121459961,126.10934448242188,200.3074951171875,93.98323822021484,117.51840209960938
2022-03-31,56.34000015258789,200.86888122558594,169.65347290039062,38.10393524169922,56.81441116333008,9.955511093139648,126.88361358642578,199.3231964111328,93.11763000488281,113.57762145996094
2022-04-01,56.18000030517578,199.16256713867188,170.78945922851562,38.376319885253906,57.10354995727539,10.225373268127441,126.7384262084961,199.07711791992188,91.8560562133789,114.51761627197266
2022-04-04,56.51499938964844,201.53245544433594,169.8885040283203,38.184913635253906,57.717952728271484,10.21153450012207,127.00457000732422,197.19052124023438,93.5412368774414,113.63185119628906
2022-04-05,56.744998931884766,198.7360076904297,169.30093383789062,37.64015579223633,56.51082229614258,10.176936149597168,126.56905364990234,196.6983642578125,93.63331604003906,110.26953125
2022-04-06,56.85499954223633,191.95823669433594,168.20411682128906,37.0364990234375,55.15190505981445,9.855177879333496,126.39002227783203,194.56570434570312,92.62036895751953,106.65412902832031
2022-04-07,57.0,193.09576416015625,167.1072998046875,37.065940856933594,54.69652557373047,9.860367774963379,126.18675994873047,192.51504516601562,91.82842254638672,104.81028747558594
2022-04-08,57.540000915527344,196.79275512695312,169.96682739257812,37.80946731567383,55.65788269042969,10.244402885437012,125.88674926757812,197.43658447265625,92.4730224609375,106.74451446533203
2022-04-11,57.70000076293945,191.86343383789062,171.8079376220703,37.83892059326172,54.927825927734375,10.313597679138184,125.22380065917969,199.6512908935547,91.47850036621094,105.02720642089844
2022-04-12,58.46500015258789,191.86343383789062,171.72959899902344,38.25116729736328,55.00010299682617,9.348320007324219,125.54316711425781,199.15914916992188,90.53921508789062,105.4249038696289
2022-04-13,58.55500030517578,187.46498107910156,170.39772033691406,37.79474639892578,55.11576461791992,9.42443561553955,125.51901245117188,196.5343017578125,89.18555450439453,105.09951782226562
2022-04-14,58.54499816894531,190.53631591796875,171.6512451171875,38.03031921386719,55.1085319519043,9.493631362915039,125.31575775146484,198.09280395507812,89.47102355957031,105.75028228759766
2022-04-19,58.244998931884766,193.09576416015625,170.82861328125,38.42049026489258,56.395172119140625,9.516119956970215,125.01575469970703,195.6320343017578,89.48023223876953,105.85874938964844
2022-04-20,57.8650016784668,197.21929931640625,172.5913543701172,38.9578857421875,57.248104095458984,9.702948570251465,125.34478759765625,199.15914916992188,90.68656921386719,108.24491882324219
2022-04-21,57.529998779296875,196.65054321289062,174.23658752441406,39.473201751708984,57.88420104980469,9.827500343322754,124.75443267822266,199.7333221435547,91.68108367919922,111.17338562011719
2022-04-22,57.54499816894531,189.1333465576172,171.72959899902344,38.51618957519531,56.75658416748047,9.535149574279785,124.38184356689453,192.7611083984375,89.84857177734375,106.87106323242188
2022-04-25,56.8849983215332,182.23236083984375,166.5980682373047,38.081851959228516,55.997615814208984,8.988503456115723,125.2867202758789,187.019287109375,88.16339111328125,104.82836151123047
2022-04-26,57.435001373291016,178.6301727294922,167.1072998046875,37.21317672729492,55.13022232055664,8.7532377243042,125.38349151611328,192.02288818359375,87.07677459716797,102.15296936035156
2022-04-27,57.4900016784668,174.64883422851562,166.28468322753906,37.07330322265625,55.347068786621094,8.262815475463867,125.52867889404297,193.08920288085938,87.41749572753906,103.1291275024414
2022-04-28,57.72999954223633,178.44058227539062,167.92990112304688,37.404579162597656,56.236148834228516,8.32249641418457,124.97217559814453,197.84674072265625,89.10266876220703,105.08143615722656
2022-04-29,58.17499923706055,183.6352996826172,169.3792724609375,37.11011505126953,56.749359130859375,8.325955390930176,124.60926818847656,195.3542938232422,89.83936309814453,106.45528411865234
2022-05-02,57.05500030517578,184.07135009765625,168.43914794921875,37.44561004638672,56.12049102783203,8.1970796585083,124.68668365478516,192.34620666503906,88.8724594116211,104.05105590820312
2022-05-03,57.150001525878906,182.2512969970703,170.00601196289062,37.50481414794922,57.811920166015625,8.529217720031738,124.61409759521484,193.63539123535156,87.71217346191406,103.54489135742188
2022-05-04,56.88999938964844,183.7111358642578,167.30316162109375,38.71656036376953,57.443275451660156,8.492024421691895,124.39635467529297,192.60406494140625,86.0914535522461,104.64759063720703
2022-05-05,57.6150016784668,178.421630859375,164.83590698242188,37.556129455566406,56.40239715576172,8.174591064453125,124.15440368652344,188.22080993652344,87.6845474243164,105.37067413330078
2022-05-06,57.43000030517578,171.91871643066406,161.4857177734375,37.44561004638672,57.146907806396484,8.056958198547363,123.54953002929688,186.2440643310547,84.38785552978516,103.6172103881836
2022-05-09,56.77000045776367,164.50584411621094,158.1520233154297,37.16537094116211,56.106040954589844,7.746443748474121,124.0527572631836,183.66571044921875,83.58670806884766,100.95988464355469
2022-05-10,56.314998626708984,164.33518981933594,159.85186767578125,38.294227600097656,56.53250503540039,7.871860504150391,124.55121612548828,186.50192260742188,84.40628051757812,103.68950653076172
2022-05-11,56.45500183105469,172.3927001953125,169.2835693359375,39.154685974121094,59.45996856689453,8.056093215942383,124.67216491699219,195.52618408203125,85.7046890258789,105.56951141357422
2022-05-12,56.75,171.0845489501953,163.66415405273438,38.7284049987793,58.93115997314453,7.898674011230469,125.3738021850586,195.1824188232422,86.00857543945312,102.9483642578125
2022-05-13,55.95500183105469,174.73451232910156,165.36399841308594,38.981014251708984,60.39316177368164,8.084636688232422,125.03511047363281,196.0418701171875,87.46353912353516,104.91874694824219
2022-05-16,56.0,173.86546325683594,164.06024169921875,38.913909912109375,60.39316177368164,7.973924160003662,125.03355407714844,194.58079528808594,85.86124420166016,102.67719268798828
2022-05-17,55.59000015258789,176.99398803710938,166.8905792236328,40.015140533447266,61.13971710205078,8.249841690063477,124.2728042602539,196.8153839111328,86.50584411621094,105.2983627319336
2022-05-18,55.68000030517578,169.9258270263672,165.73533630371094,39.355979919433594,60.67311477661133,8.191889762878418,124.36485290527344,193.80728149414062,84.2589340209961,102.69527435302734
2022-05-19,56.10499954223633,165.96688842773438,160.74305725097656,38.570518493652344,60.53313064575195,8.210052490234375,124.71375274658203,191.48675537109375,85.37545776367188,101.64681243896484
2022-05-20,56.165000915527344,166.85523986816406,161.38668823242188,38.562625885009766,60.22984313964844,8.271903038024902,124.79611206054688,190.28350830078125,87.06913757324219,104.01490020751953
2022-05-23,55.78499984741211,169.44302368164062,164.5223388671875,39.261253356933594,60.84420394897461,8.851518630981445,124.34064483642578,191.65863037109375,88.0058822631836,105.47913360595703
2022-05-24,55.96500015258789,165.31027221679688,163.26808166503906,38.48763656616211,60.4942626953125,8.909833908081055,124.70889282226562,190.71324157714844,87.03130340576172,103.2195053100586
2022-05-25,55.75,166.1599884033203,162.9545135498047,39.04811096191406,61.08528137207031,9.061806678771973,124.83973693847656,191.40078735351562,85.7539291381836,103.77989959716797
2022-05-26,55.3650016784668,170.67897033691406,164.0437469482422,40.09408187866211,62.40729904174805,9.201409339904785,124.66529846191406,193.46351623535156,86.67173767089844,107.12413787841797
2022-05-27,55.70000076293945,173.76890563964844,165.198974609375,40.3466911315918,62.811683654785156,9.181970596313477,124.8058090209961,196.21376037597656,88.93315124511719,110.14299774169922
2022-05-30,55.3849983215332,178.4617156982422,164.70387268066406,40.60719299316406,63.363826751708984,9.406394958496094,124.14680480957031,198.19052124023438,90.00235748291016,112.8183822631836
2022-05-31,55.22999954223633,178.11410522460938,160.92459106445312,40.4887809753418,62.70281219482422,9.16606616973877,123.74949645996094,195.69808959960938,87.79772186279297,110.66722106933594
2022-06-01,55.67499923706055,176.16358947753906,160.00039672851562,40.836124420166016,64.02484130859375,9.090080261230469,123.41032409667969,190.79917907714844,88.28028106689453,110.79376220703125
2022-06-02,55.97999954223633,180.1804656982422,160.6935577392578,41.52290725708008,65.18355560302734,9.024697303771973,123.00811767578125,192.00241088867188,88.80068969726562,113.197998046875
2022-06-03,55.595001220703125,180.70188903808594,161.05662536621094,41.0650520324707,64.49143981933594,9.012327194213867,122.794921875,194.06512451171875,88.5736083984375,112.09530639648438
2022-06-06,55.45500183105469,181.86061096191406,163.6311492919922,41.45975875854492,64.99691009521484,9.238518714904785,122.4945068359375,197.07322692871094,89.6238784790039,113.74031066894531
2022-06-07,55.63999938964844,179.60110473632812,161.86529541015625,41.19136047363281,64.22702026367188,9.132492065429688,122.697998046875,196.55755615234375,89.3873291015625,112.98107147216797
2022-06-08,55.685001373291016,180.54739379882812,158.08602905273438,41.586063385009766,64.93470001220703,8.959314346313477,122.34430694580078,192.43215942382812,88.56413269042969,112.22184753417969
2022-06-09,55.59000015258789,175.1593475341797,156.2706298828125,40.9466438293457,64.2814712524414,8.847983360290527,121.75314331054688,193.54945373535156,87.38138580322266,109.98030090332031
2022-06-10,56.970001220703125,169.65545654296875,150.59347534179688,39.178367614746094,62.63282775878906,8.330217361450195,121.20075225830078,188.22080993652344,84.24000549316406,104.0329818725586
2022-06-13,56.310001373291016,163.84255981445312,150.21388244628906,38.74024200439453,60.63424301147461,8.172943115234375,120.1444320678711,188.04891967773438,82.31922912597656,100.86949920654297
2022-06-14,55.95000076293945,158.87939453125,150.23037719726562,38.19949722290039,60.35427474975586,8.178245544433594,119.55327606201172,188.56460571289062,82.32869720458984,98.71834564208984
2022-06-15,56.275001525878906,160.7140350341797,153.89414978027344,38.704715728759766,61.85517120361328,8.390300750732422,120.2413558959961,194.40890502929688,84.2021713256836,98.50142669677734
2022-06-16,56.47999954223633,156.4267578125,151.41864013671875,36.04835891723633,59.99655532836914,8.250697135925293,119.91183471679688,189.85379028320312,83.04779815673828,92.46371459960938
2022-06-17,56.6349983215332,160.28916931152344,151.36912536621094,35.760223388671875,60.34650421142578,8.30636215209961,120.30916595458984,188.13487243652344,84.23054504394531,93.65679931640625
2022-06-20,56.14500045776367,160.79127502441406,153.58058166503906,36.11545944213867,61.21747589111328,8.53785514831543,119.8779296875,191.3148651123047,84.43871307373047,93.58448791503906
2022-06-21,56.0099983215332,160.3664093017578,152.7719268798828,36.37201690673828,61.948482513427734,8.578497886657715,119.73741149902344,189.25216674804688,84.6468734741211,93.22294616699219
2022-06-22,55.80500030517578,159.3042449951172,151.69920349121094,34.260353088378906,60.781986236572266,8.565245628356934,120.52236938476562,188.30677795410156,84.73204040527344,91.77679443359375
2022-06-23,56.03499984741211,161.3126983642578,147.7053680419922,32.7052116394043,58.246822357177734,7.520874977111816,121.83551025390625,186.50192260742188,84.57118225097656,89.71601104736328
2022-06-24,55.75,164.49917602539062,149.520751953125,33.32489776611328,58.27791976928711,7.880484104156494,121.79192352294922,191.3148651123047,87.36247253417969,92.7529525756836
2022-06-27,55.20500183105469,165.96688842773438,149.3887176513672,33.79460144042969,58.892276763916016,7.854861736297607,121.17169189453125,189.76783752441406,87.3340835571289,94.12679290771484
2022-06-28,55.55500030517578,164.46055603027344,151.0885772705078,33.964317321777344,59.475521087646484,7.831005573272705,120.69198608398438,194.49484252929688,86.33110809326172,94.12679290771484
2022-06-29,55.76499938964844,164.17086791992188,151.6001739501953,32.82362747192383,57.951297760009766,7.573005676269531,121.50601959228516,191.91647338867188,85.31867218017578,91.65025329589844
2022-06-30,55.595001220703125,162.95420837402344,150.2799072265625,32.780208587646484,57.126983642578125,7.3494648933410645,122.47996520996094,192.6899871826172,82.25299835205078,87.75465393066406
2022-07-01,55.79499816894531,161.87274169921875,150.18087768554688,32.57890701293945,57.36027908325195,7.115321636199951,123.50235748291016,196.0418701171875,82.03536224365234,86.76947021484375
2022-07-04,55.744998931884766,161.89205932617188,151.02256774902344,33.06439208984375,56.605953216552734,7.149779796600342,122.80461120605469,198.44833374023438,80.8431625366211,87.9625473022461
2022-07-05,55.44499969482422,160.52093505859375,144.58624267578125,31.043506622314453,55.60276794433594,6.85908842086792,123.81732940673828,185.72840881347656,80.83370208740234,84.72676849365234
2022-07-06,54.959999084472656,158.87939453125,144.81727600097656,31.37900733947754,55.501670837402344,6.792821407318115,124.04991149902344,188.73651123046875,83.11402893066406,86.81466674804688
2022-07-07,55.130001068115234,163.45632934570312,147.25978088378906,32.60258865356445,58.15349578857422,7.053471088409424,123.2843246459961,192.77593994140625,84.1075439453125,88.31505584716797
2022-07-08,55.07500076293945,162.66453552246094,148.76158142089844,33.87748336791992,59.13334655761719,7.245203971862793,123.21648406982422,192.6899871826172,84.77935028076172,90.24024200439453
2022-07-11,55.44499969482422,157.46961975097656,147.11126708984375,32.5749626159668,57.38361358642578,6.9536285400390625,123.86579895019531,189.85379028320312,83.62498474121094,87.49254608154297
2022-07-12,55.35499954223633,155.13287353515625,148.0189208984375,33.57355880737305,57.873538970947266,6.986320972442627,124.51990509033203,191.74459838867188,82.29084777832031,88.24274444580078
2022-07-13,55.46500015258789,155.40325927734375,145.21336364746094,32.72100067138672,56.34931945800781,6.872341156005859,124.26795959472656,190.3694610595703,80.81478118896484,86.868896484375
2022-07-14,54.78499984741211,149.12686157226562,140.2293243408203,31.89212417602539,56.16268539428711,6.780450344085693,124.02082824707031,184.61109924316406,80.37005615234375,86.64292907714844
2022-07-15,54.33000183105469,155.4225616455078,142.75436401367188,32.72494888305664,58.41790008544922,6.890895843505859,124.25825500488281,188.73651123046875,82.536865234375,90.47525024414062
2022-07-18,54.119998931884766,159.4973602294922,143.31546020507812,33.72355270385742,59.10224151611328,7.131225109100342,123.7930908203125,189.681884765625,83.00048828125,91.469482421875
2022-07-19,53.834999084472656,169.86788940429688,144.9988250732422,35.27473831176758,60.75865936279297,7.450190544128418,123.2261734008789,192.43215942382812,85.04427337646484,95.6091079711914
2022-07-20,53.779998779296875,167.91738891601562,144.52023315429688,35.25895309448242,60.29206466674805,7.421032905578613,123.31824493408203,190.02569580078125,85.8390884399414,96.58526611328125
2022-07-21,53.935001373291016,169.05679321289062,143.89309692382812,34.47348403930664,59.79436492919922,7.474930286407471,123.32792663574219,188.22080993652344,83.39789581298828,96.83833312988281
2022-07-22,54.435001373291016,170.54379272460938,143.67852783203125,34.05509948730469,59.957672119140625,7.299985408782959,124.78643798828125,188.3927001953125,87.10699462890625,95.28372192382812
2022-07-25,54.05500030517578,169.96444702148438,143.9261016845703,34.05509948730469,60.63424301147461,7.378622055053711,124.77188110351562,189.16622924804688,85.16728973388672,94.36180114746094
2022-07-26,54.540000915527344,163.88119506835938,143.28245544433594,33.301212310791016,59.16446304321289,7.235485076904297,125.33882141113281,189.16622924804688,84.41979217529297,92.9517822265625
2022-07-27,54.584999084472656,155.51910400390625,143.43099975585938,32.85519790649414,59.553287506103516,7.1170878410339355,125.12077331542969,189.25216674804688,84.06969451904297,94.47025299072266
2022-07-28,55.54499816894531,160.6174774169922,143.06793212890625,33.589351654052734,60.99196243286133,7.369786262512207,126.1625747680664,187.36135864257812,85.0632095336914,95.89833068847656
2022-07-29,55.6349983215332,162.02725219726562,146.319091796875,34.272186279296875,61.808502197265625,7.53324556350708,126.0656509399414,190.02569580078125,85.80123138427734,98.10372924804688
2022-08-01,55.31999969482422,165.0399169921875,147.11126708984375,34.20903396606445,62.127342224121094,7.423684120178223,126.45813751220703,189.59596252441406,86.75689697265625,96.72987365722656
2022-08-02,56.1349983215332,161.33201599121094,145.4279022216797,34.52874755859375,63.052764892578125,7.430752277374268,126.30793762207031,189.76783752441406,84.80773162841797,96.16949462890625
2022-08-03,55.7400016784668,165.11715698242188,147.85391235351562,34.631370544433594,59.54550552368164,7.56682014465332,125.65862274169922,192.77593994140625,86.86097717285156,97.19988250732422
2022-08-04,56.25,169.21128845214844,148.08497619628906,34.91161346435547,59.31221008300781,7.621601581573486,126.03174591064453,192.43215942382812,87.84502410888672,98.75450134277344
2022-08-05,56.25,165.6578826904297,145.7579803466797,34.74978256225586,59.576622009277344,7.735581398010254,125.14015197753906,193.46351623535156,87.26785278320312,98.19412231445312
2022-08-08,56.334999084472656,169.07611083984375,146.74818420410156,35.36552047729492,60.73533248901367,7.774457931518555,125.39209747314453,196.29971313476562,88.0910415649414,98.88103485107422
2022-08-09,56.41999816894531,163.1859588623047,147.34230041503906,34.73004150390625,59.949886322021484,7.710841178894043,125.22737121582031,199.73751831054688,86.93667602539062,96.2779541015625
2022-08-10,55.86000061035156,167.3959503173828,147.29278564453125,35.08527755737305,60.64978790283203,7.800964832305908,125.48418426513672,201.97210693359375,88.35597229003906,98.68218994140625
2022-08-11,55.67499923706055,166.10206604003906,147.7053680419922,34.28008270263672,60.432044982910156,7.831888675689697,125.14015197753906,202.0580596923828,87.80718231201172,99.35104370117188
2022-08-12,56.349998474121094,167.24147033691406,149.42172241210938,34.85634994506836,61.08528137207031,8.005949974060059,124.87364196777344,205.152099609375,88.0248031616211,101.08643341064453
2022-08-15,56.209999084472656,166.99041748046875,147.52383422851562,34.7813606262207,60.750885009765625,7.900806903839111,125.37757110595703,205.152099609375,88.27082824707031,101.41181182861328
2022-08-16,56.099998474121094,167.3959503173828,148.4810333251953,35.3260498046875,61.629634857177734,7.920245170593262,124.97950744628906,206.01156616210938,87.58955383300781,101.26719665527344
2022-08-17,55.76499938964844,163.2825164794922,146.5006103515625,33.695926666259766,60.10542678833008,7.824820041656494,124.16976928710938,202.40184020996094,86.36895751953125,98.19412231445312
2022-08-18,55.90999984741211,161.7568817138672,147.30929565429688,34.29192352294922,60.572017669677734,7.835422992706299,124.009765625,202.65968322753906,86.58658599853516,99.6583480834961
2022-08-19,56.005001068115234,159.90293884277344,145.2463836669922,33.97221374511719,58.95448303222656,7.506739139556885,123.30670928955078,200.94076538085938,86.38787841796875,97.79641723632812
2022-08-22,56.165000915527344,151.57948303222656,143.1669464111328,32.50786209106445,56.78480911254883,7.410429954528809,122.9188232421875,199.39373779296875,84.38195037841797,93.72909545898438
2022-08-23,56.349998474121094,150.92286682128906,143.2494659423828,33.001243591308594,57.951297760009766,7.3662519454956055,122.92367553710938,199.5656280517578,83.2181167602539,93.27717590332031
2022-08-24,56.5,153.37548828125,142.5233154296875,32.84335708618164,57.655792236328125,7.385691165924072,122.58426666259766,200.7688751220703,83.49250793457031,94.7775650024414
2022-08-25,56.60499954223633,152.5643768310547,142.9853973388672,33.1749153137207,57.91242599487305,7.390108585357666,122.88487243652344,203.77699279785156,83.13296508789062,95.15718078613281
2022-08-26,55.86000061035156,146.32662963867188,140.7574462890625,32.31840133666992,56.862579345703125,7.21958065032959,122.4194107055664,202.22994995117188,80.70123291015625,93.00601959228516
2022-08-29,56.0,143.17877197265625,139.8002471923828,33.344635009765625,57.165870666503906,7.282313346862793,121.70664978027344,201.45643615722656,80.01996612548828,92.39141082763672
2022-08-30,55.3650016784668,146.32662963867188,140.3943634033203,33.301212310791016,57.3991584777832,7.4148478507995605,121.59996032714844,202.22994995117188,80.04835510253906,93.7652587890625
2022-08-31,54.96500015258789,143.17877197265625,139.10711669921875,33.2104377746582,57.134761810302734,7.353882312774658,121.3526840209961,204.7223663330078,80.37005615234375,91.36102294921875
2022-09-01,54.7400016784668,140.16610717773438,137.1597137451172,32.606536865234375,56.62150192260742,7.18335485458374,121.29450988769531,206.44126892089844,78.67636108398438,90.04139709472656
2022-09-02,54.95000076293945,143.17877197265625,142.22625732421875,33.940635681152344,58.410125732421875,7.574772834777832,121.6678695678711,213.05908203125,80.7296142578125,94.79563903808594
2022-09-05,55.42499923706055,140.20472717285156,139.23915100097656,32.57890701293945,56.33376693725586,7.2284159660339355,121.46907043457031,210.480712890625,79.96321105957031,92.24678802490234
2022-09-06,55.2400016784668,139.3936309814453,139.56919860839844,33.194644927978516,56.629276275634766,7.3848066329956055,121.1878433227539,212.88720703125,80.9094009399414,93.56640625
2022-09-07,55.32500076293945,137.0955047607422,137.27523803710938,33.897216796875,57.601356506347656,7.240786552429199,121.47390747070312,216.15313720703125,80.71070098876953,94.41602325439453
2022-09-08,55.130001068115234,137.4624481201172,138.26544189453125,33.54593276977539,56.730369567871094,7.6428070068359375,120.45083618164062,220.45040893554688,80.87155151367188,93.20487213134766
2022-09-09,55.040000915527344,140.35922241210938,139.14010620117188,34.327449798583984,57.165870666503906,7.891972064971924,120.61570739746094,219.8488006591797,81.93128204345703,94.90409851074219
2022-09-12,54.94499969482422,144.08644104003906,145.5599365234375,35.46024703979492,58.93115997314453,8.142903327941895,120.78539276123047,228.0135955810547,83.07618713378906,97.23603820800781
2022-09-13,54.79999923706055,137.98385620117188,143.97561645507812,34.8997688293457,58.21571350097656,7.973258972167969,120.31507873535156,229.4746856689453,82.01644897460938,94.50640869140625
2022-09-14,54.775001525878906,137.40451049804688,142.02821350097656,33.763023376464844,58.05240249633789,7.969725608825684,120.32962036132812,224.14605712890625,81.35411071777344,92.84333038330078
2022-09-15,53.665000915527344,131.90060424804688,143.18344116210938,33.356475830078125,58.07572937011719,8.157039642333984,119.95142364501953,225.0914764404297,80.41736602783203,92.21063232421875
2022-09-16,53.77000045776367,130.49082946777344,143.7115478515625,32.66968536376953,57.85020446777344,8.013019561767578,119.83992004394531,223.11473083496094,79.16838836669922,90.51139831542969
2022-09-19,53.709999084472656,131.99716186523438,143.6620635986328,33.46699142456055,58.86893844604492,8.035991668701172,119.62171173095703,220.88014221191406,78.89398956298828,91.28870391845703
2022-09-20,53.57500076293945,131.07020568847656,141.81365966796875,32.83940887451172,58.3790168762207,7.936149597167969,118.84110260009766,217.18447875976562,78.78990936279297,89.81543731689453
2022-09-21,54.23500061035156,131.78472900390625,141.7971649169922,32.91835021972656,58.51899337768555,7.792128562927246,118.91380310058594,219.76284790039062,79.92535400390625,91.19832611083984
2022-09-22,54.63999938964844,128.86865234375,142.11073303222656,32.36576843261719,57.67912292480469,7.9812116622924805,118.3077163696289,217.95799255371094,78.04241943359375,89.53524780273438
2022-09-23,54.51499938964844,126.45464324951172,139.23915100097656,31.41058349609375,55.50944137573242,7.6269025802612305,118.04105377197266,215.0358428955078,76.69881439208984,89.14659118652344
2022-09-26,54.724998474121094,125.62423706054688,136.7636260986328,31.42637062072754,56.116031646728516,7.502320289611816,117.7791976928711,210.8245086669922,78.41143798828125,88.80313110351562
2022-09-27,54.59000015258789,122.92054748535156,135.11329650878906,31.177705764770508,55.804962158203125,7.181588172912598,117.04707336425781,207.12884521484375,77.96672821044922,88.5048599243164
2022-09-28,55.13999938964844,125.75940704345703,132.62127685546875,31.11455535888672,55.66498565673828,6.939492225646973,117.7549819946289,206.01156616210938,78.67636108398438,89.89678192138672
2022-09-29,54.525001525878906,119.75338745117188,131.71359252929688,30.668537139892578,53.75971221923828,6.709765911102295,117.64347076416016,210.99639892578125,77.4652328491211,88.81216430664062
2022-09-30,54.900001525878906,114.79021453857422,133.512451171875,31.26059341430664,54.42850112915039,6.755710601806641,118.06044006347656,212.71531677246094,79.59417724609375,91.469482421875
2022-10-03,55.209999084472656,114.90608978271484,133.29791259765625,32.31840133666992,55.003971099853516,6.741574287414551,119.21441650390625,211.94180297851562,80.24705505371094,91.21640014648438
2022-10-04,55.75,121.85838317871094,137.96836853027344,33.39199447631836,56.652610778808594,7.130340576171875,119.37928009033203,220.45040893554688,83.74799346923828,96.09718322753906
2022-10-05,55.724998474121094,118.57535552978516,137.07717895507812,33.088077545166016,55.579437255859375,7.010176658630371,118.7877426147461,221.73959350585938,82.54631042480469,94.21717834472656
2022-10-06,55.9900016784668,117.6677017211914,136.10350036621094,32.57890701293945,55.9682731628418,6.9509782791137695,118.0943832397461,215.9812469482422,83.36004638671875,95.0306396484375
2022-10-07,55.915000915527344,111.58443450927734,135.57537841796875,32.124996185302734,55.75830078125,6.911218166351318,117.58527374267578,215.72340393066406,82.06375885009766,92.78910064697266
2022-10-10,55.279998779296875,110.30984497070312,136.0374755859375,34.09457015991211,56.01492691040039,7.036684036254883,117.10527038574219,211.25425720214844,81.67581939697266,93.89179229736328
2022-10-11,55.4900016784668,111.1209487915039,135.83941650390625,32.73284149169922,56.287113189697266,6.872341156005859,117.39617156982422,206.87100219726562,81.41087341308594,93.1867904663086
2022-10-12,55.279998779296875,108.03103637695312,135.60838317871094,33.26173782348633,56.901458740234375,6.881176948547363,117.17313385009766,206.26939392089844,80.71070098876953,92.59025573730469
2022-10-13,54.68000030517578,109.2283706665039,137.35775756835938,33.916954040527344,57.73356246948242,7.386573791503906,117.39617156982422,208.4180450439453,81.42034912109375,95.12102508544922
2022-10-14,54.334999084472656,110.1939697265625,138.14990234375,34.19719314575195,58.34012985229492,7.608347415924072,117.0567626953125,211.34017944335938,83.1802749633789,94.14486694335938
2022-10-17,54.415000915527344,114.11429595947266,140.49337768554688,34.79714584350586,59.514404296875,7.625135898590088,117.40101623535156,211.94180297851562,83.97508239746094,96.72987365722656
2022-10-18,53.88999938964844,114.21086120605469,140.5098876953125,35.46814727783203,60.362056732177734,7.822170257568359,117.33799743652344,212.71531677246094,85.3092269897461,97.9048843383789
2022-10-19,53.619998931884766,111.70030212402344,142.24276733398438,35.562870025634766,60.39316177368164,7.852210998535156,116.760986328125,216.2390899658203,84.36302185058594,97.59757995605469
2022-10-20,53.72999954223633,110.85057830810547,142.65533447265625,35.87863540649414,60.29206466674805,7.8893208503723145,116.69310760498047,214.52017211914062,84.99697875976562,97.5252685546875
2022-10-21,53.8849983215332,100.28694915771484,143.13394165039062,36.3759651184082,60.214298248291016,7.860162734985352,116.56221008300781,222.42715454101562,86.48249816894531,96.56718444824219
2022-10-24,53.68000030517578,100.24832916259766,145.7909698486328,36.78251266479492,60.58757019042969,8.055429458618164,117.0034408569336,225.950927734375,86.42572784423828,99.27872467041016
2022-10-25,53.435001373291016,97.04254150390625,146.3520965576172,36.26939392089844,60.828651428222656,8.187080383300781,117.75981903076172,225.00552368164062,92.01775360107422,100.54412078857422
2022-10-26,53.33000183105469,98.49092864990234,146.79769897460938,35.91810607910156,61.48965835571289,8.28515625,117.88589477539062,229.04495239257812,92.89772033691406,101.55642700195312
2022-10-27,53.52000045776367,95.92243957519531,148.5470428466797,36.32070541381836,61.87848663330078,8.708381652832031,118.85076904296875,231.451416015625,92.68956756591797,101.41181182861328
2022-10-28,53.06999969482422,95.9321060180664,149.68576049804688,35.760223388671875,61.8707160949707,8.681876182556152,118.04590606689453,232.0530548095703,92.48139953613281,100.72488403320312
2022-10-31,53.22999954223633,95.5748291015625,150.3459014892578,35.86679458618164,61.8396110534668,8.53520393371582,117.84710693359375,229.81849670410156,92.4151611328125,100.0018081665039
2022-11-01,53.625,95.56517791748047,152.0952911376953,35.91415786743164,62.43063735961914,8.595285415649414,117.9440689086914,232.4827880859375,91.69606018066406,101.50221252441406
2022-11-02,53.64500045776367,93.54707336425781,152.54087829589844,35.56682205200195,62.3995246887207,8.652718544006348,117.83739471435547,232.6547088623047,91.63927459716797,99.71257781982422
2022-11-03,53.564998626708984,90.7178726196289,152.969970703125,35.15632629394531,59.49107360839844,8.543155670166016,117.1973876953125,233.68601989746094,90.37137603759766,97.7060317993164
2022-11-04,54.2599983215332,110.11672973632812,155.2474365234375,36.956172943115234,62.05735778808594,8.593518257141113,116.91130828857422,233.94387817382812,91.06210327148438,102.17105102539062
2022-11-07,53.959999084472656,111.00507354736328,154.58729553222656,37.57980728149414,63.013877868652344,8.628862380981445,116.7125015258789,233.51416015625,91.658203125,103.54489135742188
2022-11-08,54.70500183105469,115.87168884277344,155.42897033691406,38.128448486328125,62.59394073486328,8.721635818481445,116.91130828857422,239.87413024902344,93.09642791748047,105.33451843261719
2022-11-09,54.79999923706055,120.158935546875,155.89105224609375,37.53244400024414,62.40729904174805,8.564361572265625,117.41558837890625,242.6243438720703,92.8788070678711,104.62950897216797
2022-11-10,55.345001220703125,123.59646606445312,165.0751953125,38.60604476928711,64.4292221069336,8.80380630493164,118.36589813232422,247.95298767089844,99.36971282958984,109.09452056884766
2022-11-11,54.86000061035156,130.9736328125,165.57029724121094,40.00724411010742,65.51016998291016,9.02823257446289,117.42041015625,245.46058654785156,100.278076171875,110.81184387207031
2022-11-14,55.005001068115234,127.32366943359375,166.6842803955078,40.48088836669922,66.12451934814453,8.992888450622559,117.43981170654297,248.3827362060547,100.03206634521484,111.04684448242188
2022-11-15,54.81999969482422,127.57472229003906,165.15771484375,39.707271575927734,66.24117279052734,9.114821434020996,117.68045806884766,248.7264862060547,101.1485824584961,111.2818374633789
2022-11-16,54.904998779296875,125.2573013305664,166.8905792236328,39.131004333496094,64.18036651611328,8.954011917114258,118.13153839111328,249.0702667236328,101.091796875,109.47413635253906
2022-11-17,54.75,124.60067749023438,166.3954620361328,38.64551544189453,63.978172302246094,8.923971176147461,117.95691680908203,249.328125,101.8865966796875,117.1207046508789
2022-11-18,54.5,124.75518035888672,168.29336547851562,39.17442321777344,65.440185546875,9.022929191589355,118.11213684082031,252.07838439941406,99.502197265625,119.75994873046875
2022-11-21,54.41999816894531,120.02375793457031,167.9220428466797,38.4205322265625,65.01245880126953,9.02823257446289,118.3255615234375,252.67999267578125,100.52407836914062,116.6868667602539
2022-11-22,54.47999954223633,118.76848602294922,168.9534912109375,39.091529846191406,65.40129852294922,8.984052658081055,118.23824310302734,253.7972869873047,99.93744659423828,118.11492919921875
2022-11-23,54.06999969482422,120.02375793457031,168.62344360351562,38.89418029785156,65.14466857910156,9.035299301147461,118.36433410644531,255.94593811035156,99.91851043701172,118.11492919921875
2022-11-24,54.279998779296875,122.30257415771484,169.1185302734375,39.37966537475586,65.33130645751953,9.162531852722168,118.72329711914062,254.22702026367188,99.78604888916016,118.3680191040039
2022-11-25,54.1349983215332,119.71476745605469,169.44862365722656,39.15863037109375,65.29242706298828,9.180204391479492,118.1072998046875,256.54754638671875,100.31591796875,119.36224365234375
2022-11-28,54.02000045776367,117.08834075927734,168.1696014404297,38.60999298095703,64.8880386352539,9.017629623413086,118.09273529052734,253.7972869873047,99.25617980957031,118.89224243164062
2022-11-29,54.400001525878906,116.77935791015625,169.65489196777344,38.7284049987793,65.90677642822266,9.021162986755371,118.56806945800781,259.12591552734375,97.53409576416016,120.2841796875
2022-11-30,54.630001068115234,118.05393981933594,168.62344360351562,38.29817581176758,67.11992645263672,8.943408012390137,118.40800476074219,258.8681335449219,98.83984375,118.60301208496094
2022-12-01,55.084999084472656,120.62242889404297,168.12832641601562,37.78111267089844,66.21006774902344,8.751676559448242,119.14529418945312,261.6183166503906,100.59977722167969,120.80840301513672
2022-12-02,54.875,119.9851303100586,167.2206268310547,38.467899322509766,66.30338287353516,8.856821060180664,118.88337707519531,259.2978210449219,100.73223876953125,121.74840545654297
2022-12-05,54.275001525878906,117.86080932617188,167.50946044921875,37.86794662475586,66.76997375488281,8.968149185180664,118.7475357055664,260.8448181152344,99.577880859375,122.41725158691406
2022-12-06,54.275001525878906,114.96401977539062,167.83950805664062,37.832420349121094,66.24893951416016,8.89923095703125,119.17925262451172,263.4231872558594,97.68548583984375,120.89878845214844
2022-12-07,54.5099983215332,113.51563262939453,168.04580688476562,37.43771743774414,65.75902557373047,8.805573463439941,119.35385131835938,261.9621276855469,96.92853546142578,120.12147521972656
2022-12-08,54.47999954223633,113.49632263183594,168.04580688476562,37.1811637878418,64.51476287841797,8.855052947998047,119.15982818603516,263.5091552734375,96.87174987792969,119.30801391601562
2022-12-09,55.0,114.80953216552734,168.9122314453125,37.670597076416016,65.74347686767578,8.959314346313477,118.61173248291016,265.05615234375,96.83390045166016,120.60955810546875
2022-12-12,54.44499969482422,113.45769500732422,167.4269256591797,36.86539840698242,65.65792083740234,8.844449996948242,118.40800476074219,264.0248107910156,96.94745635986328,121.3868637084961
2022-12-13,54.78499984741211,119.73407745361328,169.53111267089844,37.52455520629883,65.33130645751953,9.054738998413086,118.66508483886719,264.6264343261719,98.42352294921875,121.89303588867188
2022-12-14,54.6349983215332,119.71476745605469,168.33460998535156,37.283782958984375,65.20687866210938,8.911601066589355,118.53413391113281,264.11077880859375,98.19642639160156,120.22993469238281
2022-12-15,53.650001525878906,114.4812240600586,164.09326171875,36.166770935058594,64.39034271240234,8.582032203674316,117.4136962890625,257.2351379394531,93.99531555175781,115.25877380371094
2022-12-16,54.255001068115234,116.93384552001953,163.26808166503906,36.147037506103516,64.2503662109375,8.751676559448242,117.06929779052734,254.91458129882812,94.0993881225586,114.861083984375
2022-12-19,54.20000076293945,117.01110076904297,164.47283935546875,35.933895111083984,65.02802276611328,8.780834197998047,116.92864227294922,257.321044921875,93.56952667236328,115.71070098876953
2022-12-20,54.96500015258789,114.23017120361328,165.033935546875,36.15492630004883,64.81804656982422,9.284463882446289,116.46784210205078,259.3837585449219,92.52871704101562,115.4937744140625
2022-12-21,55.03499984741211,121.9549560546875,168.0870819091797,36.70751953125,65.440185546875,9.40462875366211,116.33203887939453,262.8215637207031,93.95746612548828,117.40992736816406
2022-12-22,54.540000915527344,120.85416412353516,167.1381072998047,36.06414794921875,64.77916717529297,9.39755916595459,116.15257263183594,260.15728759765625,92.34893035888672,116.19877624511719
2022-12-23,54.58000183105469,121.53009033203125,166.8493194580078,36.498321533203125,64.93470001220703,9.459409713745117,115.88095092773438,260.8448181152344,92.14076232910156,116.18069458007812
2022-12-27,54.970001220703125,121.99356842041016,167.5507049560547,36.84566116333008,65.05135345458984,9.462943077087402,115.35226440429688,262.391845703125,92.00830078125,117.06648254394531
2022-12-28,54.560001373291016,121.45283508300781,166.8080596923828,36.743038177490234,64.74806213378906,9.392258644104004,115.39107513427734,261.1026916503906,91.46896362304688,116.0722427368164
2022-12-29,54.65999984741211,123.96339416503906,168.0870819091797,36.912757873535156,65.19132995605469,9.457642555236816,115.6966323852539,262.90753173828125,92.33946990966797,117.89801788330078
2022-12-30,54.79499816894531,123.07503509521484,165.77658081054688,36.62068176269531,64.84138488769531,9.35515022277832,115.42986297607422,261.2745666503906,91.20402526855469,117.17493438720703
2023-01-02,55.08000183105469,123.30677795410156,167.5507049560547,37.879791259765625,66.72332763671875,9.667929649353027,115.7160415649414,261.1026916503906,92.1786117553711,117.33763122558594
2023-01-03,55.755001068115234,127.34298706054688,169.3248291015625,38.59420394897461,66.74665069580078,9.818136215209961,116.0216293334961,264.4545593261719,93.20997619628906,118.34993743896484
2023-01-04,56.36000061035156,133.619384765625,174.5233917236328,40.22827911376953,68.34085845947266,10.335902214050293,116.62306213378906,276.6588439941406,95.28213500976562,122.27264404296875
2023-01-05,55.900001525878906,133.7738494873047,172.914306640625,40.749290466308594,69.1729507446289,10.155655860900879,116.3514633178711,274.4242248535156,95.41461181640625,121.87493896484375
2023-01-06,56.38999938964844,135.84022521972656,174.77093505859375,41.68868637084961,69.6240005493164,10.245779037475586,116.80252075195312,278.8934326171875,96.83390045166016,123.0499496459961
2023-01-09,56.10499954223633,136.78652954101562,176.29750061035156,41.71236801147461,69.97395324707031,10.3500394821167,116.79283142089844,278.7215270996094,98.93446350097656,125.03841400146484
2023-01-10,56.17499923706055,135.2801971435547,178.4842071533203,40.812442779541016,70.39388275146484,10.29879379272461,116.37085723876953,276.5728454589844,99.04801177978516,124.85763549804688
2023-01-11,55.92499923706055,139.56744384765625,177.74154663085938,41.1834602355957,71.37373352050781,10.335902214050293,116.9043960571289,275.36962890625,100.90255737304688,126.68341827392578
2023-01-12,56.244998931884766,141.40208435058594,179.63943481445312,41.90971755981445,72.49356079101562,10.387147903442383,117.26331329345703,278.0339660644531,100.99718475341797,128.4007110595703
2023-01-13,56.845001220703125,141.47933959960938,179.6807098388672,41.64921569824219,71.3426284790039,10.32883358001709,117.32152557373047,278.2058410644531,101.8487548828125,128.74420166015625
2023-01-16,56.880001068115234,144.47267150878906,180.712158203125,41.83867263793945,71.42039489746094,10.4277925491333,117.27301788330078,277.7760925292969,101.64058685302734,128.6357421875
2023-01-17,56.92499923706055,145.4382781982422,180.712158203125,41.71236801147461,71.5292739868164,10.547956466674805,117.84051513671875,278.80743408203125,101.52706146240234,131.0580596923828
2023-01-18,56.71500015258789,144.33750915527344,180.79469299316406,41.9412956237793,71.1015625,10.599204063415527,118.08789825439453,282.41717529296875,103.1355972290039,131.0218963623047
2023-01-19,57.17499923706055,139.18121337890625,179.14434814453125,41.19136047363281,70.00505065917969,10.385381698608398,117.81141662597656,280.6982727050781,100.77009582519531,127.08113098144531
2023-01-20,57.09000015258789,141.40208435058594,181.86740112304688,41.41239547729492,69.96617126464844,10.586833953857422,117.26331329345703,285.08148193359375,101.22427368164062,128.23805236816406
2023-01-23,56.880001068115234,143.64227294921875,181.619873046875,41.49922561645508,71.17931365966797,10.528518676757812,117.10810852050781,279.9247741699219,101.48920440673828,130.08189392089844
2023-01-24,57.15999984741211,143.6036376953125,182.1149444580078,41.8702507019043,71.38151550292969,10.58153247833252,117.31182861328125,285.08148193359375,100.88363647460938,129.52151489257812
2023-01-25,57.1150016784668,140.49441528320312,182.94012451171875,41.736045837402344,71.38151550292969,10.526751518249512,117.4136962890625,287.1441650390625,100.24022674560547,129.08766174316406
2023-01-26,56.974998474121094,140.281982421875,182.8576202392578,41.538700103759766,71.81700134277344,10.719367980957031,117.11297607421875,285.42529296875,99.35079193115234,130.2084197998047
2023-01-27,57.1150016784668,143.19810485839844,182.8988800048828,41.67289352416992,72.27581787109375,10.903149604797363,117.03534698486328,285.3393249511719,99.16155242919922,130.6061248779297
2023-01-30,56.88999938964844,142.25181579589844,182.6513214111328,41.665000915527344,71.14043426513672,10.848367691040039,116.51151275634766,284.82366943359375,101.33781433105469,129.48533630371094
2023-01-31,57.040000915527344,142.3097381591797,180.877197265625,41.365028381347656,72.50135040283203,10.786518096923828,116.76859283447266,284.4798583984375,102.54894256591797,129.15994262695312
2023-02-01,56.7599983215332,142.50286865234375,182.3625030517578,41.633426666259766,74.0877685546875,10.823628425598145,116.65702819824219,280.78424072265625,103.36267852783203,129.25035095214844
2023-02-02,56.505001068115234,152.4871368408203,182.94012451171875,42.50177764892578,76.0474853515625,10.12208080291748,117.98118591308594,279.2371826171875,106.5229721069336,129.901123046875
2023-02-03,55.369998931884766,155.51910400390625,182.15621948242188,42.659664154052734,75.88417053222656,10.187463760375977,117.32637023925781,277.690185546875,106.2391128540039,131.0761260986328
2023-02-06,55.98500061035156,150.0152130126953,180.95973205566406,41.7992057800293,75.47978210449219,10.033724784851074,116.82678985595703,278.63555908203125,105.82279205322266,129.21420288085938
2023-02-07,56.43000030517578,147.8136444091797,181.042236328125,41.7992057800293,75.74418640136719,10.187463760375977,116.74433135986328,281.04205322265625,104.91443634033203,127.31610870361328
2023-02-08,56.209999084472656,148.70199584960938,182.15621948242188,41.72815704345703,75.87638854980469,10.309394836425781,116.39511108398438,281.9015197753906,104.70628356933594,126.59302520751953
2023-02-09,56.025001525878906,150.88424682617188,183.1876678466797,41.72026062011719,77.3461685180664,10.337669372558594,116.64733123779297,281.6436462402344,105.36860656738281,135.0530548095703
2023-02-10,56.0,134.46908569335938,181.45481872558594,40.4887809753418,76.03192138671875,10.017820358276367,116.3369140625,277.9480285644531,103.72223663330078,135.58334350585938
2023-02-13,55.619998931884766,135.16432189941406,181.37229919433594,40.788761138916016,75.90750122070312,10.046093940734863,116.18653869628906,281.29986572265625,104.1953353881836,135.9740753173828
2023-02-14,55.45000076293945,134.0442352294922,181.66111755371094,40.307220458984375,76.00859832763672,10.206901550292969,115.77909088134766,279.2371826171875,103.98716735839844,134.9135284423828
2023-02-15,55.224998474121094,135.91748046875,181.41355895996094,40.812442779541016,77.12842559814453,10.081437110900879,115.63240051269531,280.8701477050781,104.8387451171875,138.1510009765625
2023-02-16,55.30500030517578,139.9343719482422,182.4037628173828,41.365028381347656,77.17508697509766,10.47903823852539,115.63240051269531,282.8468933105469,105.02798461914062,137.10903930664062
2023-02-17,55.3849983215332,138.58255004882812,179.02056884765625,41.23872375488281,77.57170104980469,10.496710777282715,115.72460174560547,283.5344543457031,103.58975982666016,135.30426025390625
2023-02-20,55.470001220703125,135.9368133544922,180.17581176757812,41.92551040649414,77.50947570800781,10.277586936950684,115.66636657714844,284.0501708984375,103.4005126953125,134.57861328125
2023-02-21,55.34000015258789,132.69239807128906,179.39187622070312,41.43607711791992,76.75514221191406,10.245779037475586,115.26850891113281,280.3545227050781,101.9623031616211,133.7227325439453
2023-02-22,55.4900016784668,134.99050903320312,179.0618438720703,41.33345413208008,76.54518127441406,10.090272903442383,115.43832397460938,278.7215270996094,102.87065124511719,134.28089904785156
2023-02-23,55.28499984741211,134.37252807617188,179.6807098388672,41.1834602355957,77.49392700195312,10.132683753967285,115.61785125732422,273.8226318359375,102.94635009765625,135.80661010742188
2023-02-24,55.25,131.7074737548828,177.57650756835938,37.9468879699707,75.58089447021484,9.97894287109375,115.18115234375,274.5960998535156,101.16749572753906,131.6016082763672
2023-02-27,55.06999969482422,133.6000518798828,180.75341796875,37.80479431152344,76.33522033691406,10.205135345458984,114.9288558959961,275.88531494140625,102.54894256591797,133.77853393554688
2023-02-28,55.345001220703125,136.78652954101562,183.31143188476562,38.266597747802734,76.01636505126953,10.426026344299316,114.5600814819336,280.2685241699219,101.6973648071289,134.6157989501953
2023-03-01,55.334999084472656,136.01405334472656,182.61004638671875,38.18765640258789,77.25285339355469,10.242244720458984,114.10396575927734,281.6436462402344,100.88363647460938,135.21121215820312
2023-03-02,55.724998474121094,138.08042907714844,182.3625030517578,38.14818572998047,77.26062774658203,10.113245010375977,114.04090118408203,282.2452697753906,101.45135498046875,134.39256286621094
2023-03-03,55.95500183105469,140.9772186279297,182.6513214111328,38.81128692626953,78.91705322265625,10.309394836425781,114.08943176269531,281.6436462402344,103.4951400756836,136.82994079589844
2023-03-06,55.709999084472656,141.53726196289062,184.0953826904297,38.09292984008789,78.90149688720703,10.397751808166504,113.83226013183594,284.6517639160156,105.93633270263672,137.2393035888672
2023-03-07,55.30500030517578,139.47088623046875,182.7338409423828,37.90346908569336,78.54376983642578,10.236943244934082,114.08943176269531,284.4798583984375,104.81981658935547,137.70445251464844
2023-03-08,55.404998779296875,142.4256134033203,183.5177459716797,38.116607666015625,78.51266479492188,10.281121253967285,114.14279174804688,282.932861328125,104.8765869140625,139.37901306152344
2023-03-09,55.6150016784668,146.6356201171875,183.76528930664062,37.88373947143555,77.40060424804688,10.173327445983887,114.39510345458984,283.1907043457031,105.4443130493164,140.6256103515625
2023-03-10,55.94499969482422,144.47267150878906,181.7436065673828,37.53244400024414,76.46741485595703,9.425834655761719,115.22966766357422,281.12799072265625,104.53595733642578,137.22067260742188
2023-03-13,57.03499984741211,140.8999481201172,173.98703002929688,36.07598876953125,73.59783935546875,8.966382026672363,116.81635284423828,269.35345458984375,101.45135498046875,131.136474609375
2023-03-14,57.16999816894531,142.8697967529297,175.92617797851562,36.63252258300781,74.34439849853516,9.349847793579102,115.76826477050781,271.0723571777344,104.13855743408203,135.4344940185547
2023-03-15,58.974998474121094,136.30372619628906,168.41714477539062,35.15632629394531,73.63673400878906,8.484841346740723,117.9905776977539,260.5870056152344,102.54894256591797,128.47576904296875
2023-03-16,58.09000015258789,137.056884765625,169.2423095703125,35.59049987792969,74.47659301757812,8.375279426574707,117.1705551147461,265.7437744140625,106.57975006103516,131.136474609375
2023-03-17,59.02000045776367,136.18785095214844,165.0751953125,35.456302642822266,73.76115417480469,8.247163772583008,118.07791137695312,257.66485595703125,105.57677459716797,127.787353515625
2023-03-20,59.22999954223633,136.78652954101562,167.01434326171875,35.83916473388672,74.35218048095703,8.205635070800781,118.20892333984375,267.720458984375,106.86360168457031,129.14559936523438
2023-03-21,57.95500183105469,137.69419860839844,171.8828582763672,36.4470100402832,75.69752502441406,8.702198028564453,117.07835388183594,273.39288330078125,107.7151870727539,132.82962036132812
2023-03-22,58.06999969482422,136.1492156982422,171.7178192138672,36.7548828125,76.36631774902344,8.520183563232422,116.69506072998047,273.39288330078125,107.65840911865234,134.83909606933594
2023-03-23,58.869998931884766,137.40451049804688,170.64511108398438,36.60883712768555,76.85625457763672,8.248929977416992,117.65091705322266,271.3302001953125,108.50999450683594,135.06236267089844
2023-03-24,59.38999938964844,136.26510620117188,169.2835693359375,36.24571228027344,76.0241470336914,7.545614242553711,118.19436645507812,270.3847961425781,107.84764862060547,130.78294372558594
2023-03-27,58.29999923706055,136.1492156982422,169.65489196777344,36.25754928588867,76.71626281738281,8.009485244750977,117.6023941040039,272.4474792480469,108.20720672607422,131.78768920898438
2023-03-28,58.33000183105469,136.3230438232422,170.10873413085938,36.61673355102539,76.82513427734375,7.883135795593262,117.22879028320312,273.9945068359375,107.62056732177734,133.51806640625
2023-03-29,58.34000015258789,141.38278198242188,172.749267578125,37.24431228637695,76.93400573730469,8.078402519226074,117.03954315185547,277.08856201171875,108.43429565429688,136.10430908203125
2023-03-30,58.2400016784668,149.66758728027344,174.77093505859375,37.81269073486328,78.29491424560547,8.207403182983398,116.6076889038086,277.08856201171875,109.15341186523438,138.1696014404297
2023-03-31,58.53499984741211,157.17994689941406,175.59613037109375,38.17581558227539,78.49710845947266,8.266600608825684,117.0007095336914,277.17449951171875,109.81573486328125,138.8580322265625
2023-04-03,58.72999954223633,157.4309844970703,175.71987915039062,38.515262603759766,78.34158325195312,8.362909317016602,117.28215789794922,274.3382873535156,109.3804931640625,137.92770385742188
2023-04-04,59.29499816894531,158.0682830810547,175.92617797851562,38.68893051147461,78.80817413330078,8.241862297058105,117.31127166748047,276.6588439941406,110.08068084716797,137.27650451660156
2023-04-05,59.40999984741211,158.35797119140625,175.8436737060547,38.17581558227539,77.05842590332031,8.217121124267578,117.78678131103516,279.1512451171875,110.0049819946289,133.90878295898438
2023-04-06,59.154998779296875,158.1648406982422,178.5254669189453,38.21528244018555,76.69293975830078,8.354957580566406,117.75282287597656,283.4485168457031,110.7051773071289,131.28529357910156
2023-04-11,58.994998931884766,160.23123168945312,178.5667266845703,38.76787185668945,78.48155975341797,8.451265335083008,117.17540740966797,281.3858642578125,109.83467864990234,133.35060119628906
2023-04-12,58.779998779296875,157.81724548339844,180.21705627441406,39.01653289794922,79.85023498535156,8.478656768798828,116.68534088134766,285.08148193359375,110.34561157226562,134.72744750976562
2023-04-13,59.33000183105469,157.08335876464844,180.79469299316406,38.527103424072266,79.5702896118164,8.410621643066406,116.70475006103516,286.71441650390625,109.72112274169922,134.22508239746094
2023-04-14,58.47999954223633,159.90293884277344,180.79469299316406,39.237571716308594,80.62789916992188,8.794971466064453,116.36024475097656,286.6285400390625,109.72112274169922,135.9740753173828
2023-04-17,58.650001525878906,156.98681640625,178.6492462158203,39.51781463623047,80.25462341308594,8.59970474243164,116.146728515625,279.0653076171875,110.09960174560547,136.8113555908203
2023-04-18,58.935001373291016,157.39236450195312,180.712158203125,39.88093566894531,80.95452117919922,8.759628295898438,116.05941009521484,282.932861328125,110.44023895263672,136.94158935546875
2023-04-19,58.470001220703125,156.6585235595703,182.98138427734375,40.12565612792969,80.70567321777344,8.840914726257324,115.85076141357422,285.5111999511719,109.77789306640625,136.36480712890625
2023-04-20,58.70000076293945,156.11778259277344,183.3939666748047,39.95198440551758,77.78166198730469,8.758745193481445,116.22923278808594,288.86309814453125,109.3804931640625,135.82522583007812
2023-04-21,57.89500045776367,157.87518310546875,183.64151000976562,39.15863037109375,78.23270416259766,8.742841720581055,116.03511810302734,288.089599609375,115.11445617675781,135.4903106689453
2023-04-24,57.86000061035156,155.8087921142578,184.63172912597656,39.659908294677734,78.66819763183594,8.744608879089355,116.00117492675781,290.5820007324219,113.43022155761719,135.5089111328125
2023-04-25,58.224998474121094,154.59214782714844,184.9205322265625,39.59675216674805,78.88594055175781,8.409738540649414,116.6659164428711,290.15228271484375,115.98495483398438,137.10903930664062
2023-04-26,58.095001220703125,153.76173400878906,184.17787170410156,39.588863372802734,78.54376983642578,8.445079803466797,116.73385620117188,288.089599609375,115.15230560302734,135.5275115966797
2023-04-27,57.880001068115234,152.6802520751953,186.69464111328125,37.88768005371094,78.26380920410156,8.653600692749023,116.37478637695312,289.5506286621094,116.96900177001953,137.09043884277344
2023-04-28,57.95500183105469,153.95486450195312,187.68484497070312,39.80351638793945,78.88594055175781,8.78525161743164,117.14143371582031,292.64471435546875,116.24989318847656,138.52310180664062
2023-05-02,58.8849983215332,153.74240112304688,183.4764862060547,38.38894271850586,78.21715545654297,8.511348724365234,117.51990509033203,288.089599609375,115.39830780029297,137.05323791503906
2023-05-03,58.869998931884766,151.27047729492188,184.30165100097656,39.3872184753418,78.559326171875,8.451265335083008,117.52960205078125,291.8712158203125,116.72299194335938,139.0626983642578
2023-05-04,59.904998779296875,151.0387420654297,182.32125854492188,38.99215316772461,80.72122192382812,8.170293807983398,118.1264419555664,288.6052551269531,115.36046600341797,138.1510009765625
2023-05-05,58.72999954223633,164.4798583984375,187.88963317871094,40.37699508666992,83.62967681884766,8.539621353149414,117.52476501464844,290.5820007324219,115.60647583007812,139.9929962158203
2023-05-08,59.13999938964844,163.8618927001953,188.80320739746094,39.913963317871094,84.70284271240234,8.547574043273926,117.44713592529297,293.9639587402344,116.38235473632812,139.37901306152344
2023-05-09,59.43000030517578,159.80636596679688,187.8461151123047,39.79927062988281,84.54730987548828,8.544922828674316,117.29185485839844,298.85888671875,116.00387573242188,140.141845703125
2023-05-10,59.310001373291016,158.0876007080078,184.75741577148438,40.03715896606445,84.54730987548828,8.584683418273926,117.54902648925781,291.2939758300781,116.07957458496094,138.76499938964844
2023-05-11,59.41999816894531,161.38995361328125,184.10488891601562,40.0244140625,84.2984619140625,8.471588134765625,117.9857177734375,289.15802001953125,115.72003173828125,138.48590087890625
2023-05-12,59.494998931884766,159.8385009765625,184.45289611816406,40.01591873168945,83.88499450683594,8.49632740020752,117.7140121459961,291.02703857421875,116.71122741699219,139.6394805908203
2023-05-15,59.63999938964844,161.13783264160156,183.19131469726562,40.546913146972656,84.45035552978516,8.589984893798828,117.55950927734375,289.5140075683594,115.80663299560547,140.12326049804688
2023-05-16,59.14500045776367,157.20103454589844,181.88621520996094,40.020164489746094,84.0199966430664,8.488375663757324,117.22942352294922,287.1110534667969,116.74971008300781,139.17434692382812
2023-05-17,58.755001068115234,157.7052459716797,181.7556915283203,39.86723709106445,84.50098419189453,8.56259536743164,117.18574523925781,291.5610046386719,117.73128509521484,142.72811889648438
2023-05-18,58.36000061035156,159.4506378173828,182.75628662109375,40.31752014160156,86.49241638183594,8.901530265808105,116.68575286865234,294.1419677734375,119.36724853515625,146.74705505371094
2023-05-19,58.875,154.19509887695312,184.67041015625,40.4449577331543,87.23499298095703,8.919771194458008,116.8216781616211,302.1518859863281,119.79067993164062,148.64488220214844
2023-05-22,58.720001220703125,157.29798889160156,184.10488891601562,40.173091888427734,87.79191589355469,8.997294425964355,116.60323333740234,296.9899597167969,119.04005432128906,146.9145050048828
2023-05-23,58.64500045776367,154.4471893310547,184.10488891601562,40.326019287109375,88.1632080078125,9.087586402893066,116.55953216552734,299.7489013671875,117.23088836669922,144.6073455810547
2023-05-24,58.845001220703125,149.4049835205078,179.14552307128906,39.44244384765625,86.57679748535156,8.879640579223633,116.57894897460938,293.7859802246094,115.691162109375,141.64894104003906
2023-05-25,58.349998474121094,149.28860473632812,178.884521484375,39.00914764404297,86.72868347167969,8.8477201461792,116.29257202148438,295.74395751953125,116.24930572509766,142.93280029296875
2023-05-26,58.334999084472656,150.7237091064453,180.45062255859375,39.8544921875,88.14632415771484,8.885113716125488,116.0013198852539,297.2569274902344,118.01998901367188,145.7609100341797
2023-05-29,58.43000030517578,149.6376953125,180.75514221191406,39.680328369140625,88.09569549560547,8.837687492370605,116.56439208984375,297.5239562988281,117.28861236572266,145.12831115722656
2023-05-30,58.810001373291016,150.64613342285156,180.40711975097656,39.064369201660156,87.91004943847656,8.797557830810547,117.12263488769531,297.07891845703125,117.48108673095703,145.74234008789062
2023-05-31,59.48500061035156,146.90325927734375,173.99476623535156,37.73475646972656,86.00299835205078,8.642511367797852,117.55465698242188,297.2569274902344,117.57731628417969,142.65370178222656
2023-06-01,59.29499816894531,146.16632080078125,177.66641235351562,38.10432815551758,87.33625030517578,8.735538482666016,117.73912048339844,302.3299255371094,118.25094604492188,145.7609100341797
2023-06-02,58.81999969482422,154.67991638183594,182.84327697753906,39.752540588378906,89.5808334350586,8.994559288024902,117.28767395019531,304.910888671875,119.6751937866211,148.1797332763672
2023-06-05,58.755001068115234,153.49693298339844,182.6692657470703,39.53589630126953,89.81710052490234,8.843159675598145,116.87022399902344,301.35089111328125,118.44341278076172,147.4727020263672
2023-06-06,58.98500061035156,154.83505249023438,183.14779663085938,39.72705078125,90.03649139404297,8.923418998718262,116.9867172241211,299.0369567871094,118.75135803222656,147.3238525390625
2023-06-07,58.650001525878906,154.42779541015625,181.7122039794922,39.46368408203125,90.1883773803711,8.948957443237305,116.5546875,293.073974609375,118.84759521484375,147.41688537597656
2023-06-08,58.67499923706055,154.19509887695312,181.7556915283203,39.82050704956055,91.09972381591797,8.99547004699707,116.67120361328125,293.1629943847656,118.9438247680664,147.6959686279297
2023-06-09,58.68000030517578,155.1453399658203,180.9291534423828,39.10260009765625,91.20098114013672,8.977230072021484,116.85079956054688,287.82305908203125,118.55889129638672,147.11917114257812
2023-06-12,58.54499816894531,163.71713256835938,181.49468994140625,39.331993103027344,92.93927001953125,8.98908519744873,116.89447021484375,289.3360595703125,119.02081298828125,149.5751953125
2023-06-13,57.94499969482422,167.55699157714844,181.79920959472656,39.73554992675781,94.55941772460938,8.9927339553833,116.52069091796875,289.425048828125,120.54129028320312,152.9987335205078
2023-06-14,58.01499938964844,169.39932250976562,182.49526977539062,39.790771484375,95.26823425292969,9.056577682495117,116.44305419921875,291.38299560546875,120.75299835205078,152.88710021972656
2023-06-15,57.525001525878906,168.8950958251953,182.5387725830078,39.38296890258789,94.94757843017578,8.788436889648438,115.96247100830078,291.8279724121094,120.07937622070312,154.22674560546875
2023-06-16,57.65999984741211,169.5157012939453,182.9738006591797,38.82648468017578,94.27252197265625,8.672608375549316,116.12751007080078,293.6080017089844,121.7730712890625,152.36611938476562
2023-06-19,57.45000076293945,166.9364013671875,182.7127685546875,37.43739700317383,93.68183898925781,8.57775592803955,115.8313980102539,292.36199951171875,120.44505310058594,151.91958618164062
2023-06-20,57.05500030517578,164.29891967773438,182.0602264404297,36.23946762084961,93.25991821289062,8.505704879760742,116.3896484375,294.1419677734375,119.88690948486328,150.2636260986328
2023-06-21,56.70000076293945,171.31924438476562,181.7556915283203,36.20548629760742,92.75363159179688,8.606027603149414,116.2828598022461,292.71795654296875,118.3664321899414,149.20306396484375
2023-06-22,56.14500045776367,175.87664794921875,181.3641815185547,36.00157928466797,92.06169128417969,8.481990814208984,115.86053466796875,293.9639587402344,118.46266174316406,149.33331298828125
2023-06-23,56.73500061035156,171.51318359375,181.9732208251953,35.88263702392578,91.65664672851562,8.358864784240723,116.60808563232422,294.2309875488281,117.96224975585938,146.04000854492188
2023-06-26,56.76499938964844,171.2222900390625,182.0167236328125,36.349918365478516,92.17982482910156,8.370722770690918,116.90419006347656,294.67596435546875,117.03841400146484,144.64454650878906
2023-06-27,56.17499923706055,168.29393005371094,183.84385681152344,36.626033782958984,91.1841049194336,8.521209716796875,116.48674011230469,299.6599426269531,116.24930572509766,146.57960510253906
2023-06-28,56.310001373291016,167.227294921875,184.14837646484375,37.44589614868164,92.7198715209961,8.554954528808594,116.77799224853516,300.9059143066406,118.75135803222656,142.076904296875
2023-06-29,56.439998626708984,168.25514221191406,183.6263427734375,37.416160583496094,93.69871520996094,8.680815696716309,116.2682876586914,301.43988037109375,118.73210906982422,140.08604431152344
2023-06-30,56.505001068115234,172.38587951660156,185.49696350097656,37.7814826965332,94.94757843017578,8.77202033996582,116.3653793334961,305.80084228515625,120.4258041381836,141.90943908691406
2023-07-03,56.79499816894531,171.2610626220703,185.97549438476562,38.00662612915039,94.67755126953125,8.87416934967041,116.04499816894531,304.46588134765625,118.4819107055664,138.41146850585938
2023-07-04,56.86000061035156,173.2197723388672,185.49696350097656,37.96414566040039,94.35690307617188,8.783876419067383,116.04985046386719,301.6178894042969,118.75135803222656,136.75552368164062
2023-07-05,56.88999938964844,169.12782287597656,180.58111572265625,37.45863723754883,94.84632110595703,8.658927917480469,115.97703552246094,298.4139099121094,118.34718322753906,135.67636108398438
2023-07-06,56.470001220703125,159.7415313720703,176.79635620117188,36.59204864501953,91.15035247802734,8.28316593170166,115.15181732177734,290.8489990234375,116.7882080078125,132.30865478515625
2023-07-07,56.69499969482422,161.56448364257812,177.49240112304688,38.44416427612305,90.40778350830078,8.460102081298828,115.41880798339844,291.8279724121094,116.86519622802734,132.68077087402344
2023-07-10,56.310001373291016,162.2626190185547,179.10202026367188,38.20203399658203,90.69468688964844,8.596907615661621,115.24890899658203,290.9380187988281,117.71204376220703,134.31813049316406
2023-07-11,56.529998779296875,166.41278076171875,180.84214782714844,38.72028350830078,89.8508529663086,8.643423080444336,115.2052230834961,292.6289978027344,118.4819107055664,135.80661010742188
2023-07-12,56.525001525878906,168.8563232421875,183.66983032226562,39.705814361572266,90.62718200683594,8.612412452697754,115.74403381347656,295.2099914550781,120.75299835205078,138.8580322265625
2023-07-13,56.34000015258789,168.73995971679688,184.58340454101562,39.44668960571289,90.2896499633789,8.74921989440918,116.23431396484375,297.87994384765625,123.10108184814453,140.01161193847656
2023-07-14,56.0099983215332,168.0030059814453,183.01730346679688,38.537620544433594,90.08712768554688,8.76472282409668,116.09839630126953,295.1209716796875,123.8709487915039,140.10464477539062
2023-07-17,55.8849983215332,167.40182495117188,182.88677978515625,38.410179138183594,90.12088012695312,8.971757888793945,116.23918151855469,298.5029296875,123.56299591064453,139.47203063964844
2023-07-18,56.73500061035156,168.17755126953125,183.40882873535156,39.62510299682617,90.37403106689453,9.02739143371582,116.79741668701172,299.7489013671875,123.38978576660156,139.73252868652344
2023-07-19,56.72999954223633,167.0721435546875,183.23480224609375,39.99042892456055,90.45841217041016,9.169670104980469,116.56439208984375,295.92193603515625,123.17807006835938,138.11380004882812
2023-07-20,56.875,165.8115997314453,186.49754333496094,40.504432678222656,90.86344909667969,9.229866027832031,116.34110260009766,300.9059143066406,121.61910247802734,140.84889221191406
2023-07-21,56.720001220703125,167.45999145507812,186.71507263183594,40.330265045166016,90.77906799316406,9.301005363464355,116.5158462524414,303.931884765625,116.51876068115234,141.03497314453125
2023-07-24,56.89500045776367,169.49630737304688,187.2805938720703,40.211326599121094,91.6397705078125,9.370320320129395,116.74403381347656,303.1308898925781,115.26773071289062,140.56980895996094
2023-07-25,57.13999938964844,175.99302673339844,188.0201416015625,40.453460693359375,91.48788452148438,9.492532730102539,116.72945404052734,304.3768615722656,115.8643798828125,141.22100830078125
2023-07-26,57.2599983215332,172.09498596191406,187.75912475585938,40.18583679199219,90.4246597290039,9.622044563293457,116.31197357177734,305.7118225097656,114.84429931640625,140.36514282226562
2023-07-27,56.880001068115234,176.57479858398438,190.41281127929688,40.695594787597656,92.78738403320312,9.301005363464355,116.43818664550781,310.33984375,118.6551284790039,144.83062744140625
2023-07-28,57.185001373291016,179.52256774902344,190.80435180664062,41.95724105834961,93.90122985839844,9.222569465637207,116.52069091796875,310.8738098144531,118.9245834350586,143.52818298339844
2023-07-31,57.43000030517578,178.41714477539062,189.15121459960938,41.43474197387695,93.54682922363281,9.19338321685791,116.5158462524414,304.910888671875,119.71368408203125,144.1793975830078
2023-08-01,57.029998779296875,176.8850860595703,187.8461151123047,41.341285705566406,88.50072479248047,9.12954044342041,116.28770446777344,305.1778564453125,119.3864974975586,139.9744110107422
2023-08-02,56.880001068115234,173.23916625976562,184.23538208007812,40.568153381347656,88.82139587402344,8.919771194458008,116.3896484375,301.43988037109375,117.78903198242188,137.51840209960938
2023-08-03,56.900001525878906,174.05369567871094,184.0178680419922,40.09238052368164,86.8974609375,9.105828285217285,116.30712127685547,300.9059143066406,116.32628631591797,136.0670928955078
2023-08-04,56.55500030517578,175.76028442382812,186.19302368164062,40.041404724121094,87.82566833496094,9.173318862915039,116.27313995361328,304.3768615722656,116.98066711425781,138.46730041503906
2023-08-07,56.52000045776367,173.97610473632812,187.10658264160156,40.071144104003906,87.53875732421875,9.209800720214844,116.26342010498047,305.266845703125,118.19320678710938,138.03936767578125
2023-08-08,56.57500076293945,170.3302001953125,185.0184326171875,39.44244384765625,85.9523696899414,8.855928421020508,116.87506866455078,305.1778564453125,117.57731628417969,135.5275115966797
2023-08-09,56.1150016784668,171.80406188964844,186.6280517578125,39.5571403503418,85.53044891357422,8.998207092285156,116.71002197265625,307.1358337402344,118.57814025878906,136.27175903320312
2023-08-10,55.98500061035156,176.90447998046875,195.763671875,40.24955749511719,85.98612213134766,9.131364822387695,116.60808563232422,314.0777587890625,120.96470642089844,129.74099731445312
2023-08-11,56.224998474121094,172.541015625,194.24107360839844,39.72705078125,84.37439727783203,9.066610336303711,116.10810852050781,309.00482177734375,120.48355102539062,127.8431625366211
2023-08-14,56.244998931884766,172.7931365966797,195.15463256835938,39.3872184753418,84.46723175048828,9.098531723022461,116.0013198852539,311.6748046875,122.35047149658203,129.05258178710938
2023-08-15,56.14500045776367,174.28640747070312,192.50094604492188,38.77975845336914,83.71622467041016,9.047457695007324,115.78771209716797,310.69580078125,121.4266357421875,128.0664520263672
2023-08-16,56.130001068115234,179.46438598632812,192.9359893798828,38.834983825683594,84.18032836914062,8.99911880493164,115.96746063232422,314.52276611328125,122.33123016357422,128.49436950683594
2023-08-17,55.96500015258789,179.38681030273438,193.1099853515625,38.860469818115234,83.62339782714844,9.038335800170898,115.73914337158203,318.5277404785156,119.23252868652344,126.35466766357422
2023-08-18,55.91999816894531,178.029296875,192.4139404296875,38.70329284667969,82.9061508178711,9.00185489654541,116.14718627929688,316.2137451171875,119.50196838378906,125.03362274169922
2023-08-21,55.80500030517578,178.1650390625,192.10943603515625,38.76276397705078,83.74153137207031,8.93527603149414,115.70515441894531,316.6587219238281,120.27184295654297,125.51738739013672
2023-08-22,56.23500061035156,178.41714477539062,192.37046813964844,38.962425231933594,84.12969970703125,8.958076477050781,115.98204040527344,314.34478759765625,122.79313659667969,127.35940551757812
2023-08-23,56.78499984741211,172.52162170410156,192.9359893798828,38.669307708740234,83.05803680419922,8.968110084533691,116.71064758300781,314.4337463378906,124.0249252319336,127.45243072509766
2023-08-24,57.0,170.89260864257812,193.5015411376953,38.34646224975586,81.66571807861328,9.052928924560547,116.70092010498047,317.0147399902344,121.27265167236328,126.1500015258789
2023-08-25,56.869998931884766,171.08653259277344,193.2405242919922,38.25300979614258,81.4378890991211,9.025568008422852,116.56006622314453,316.3917236328125,121.40739440917969,126.89424896240234
2023-08-28,57.18000030517578,172.4052734375,195.50267028808594,38.57160568237305,81.51382446289062,9.240809440612793,116.4240493774414,316.83673095703125,123.04334259033203,128.38275146484375
2023-08-29,57.375,176.01242065429688,196.19871520996094,39.064369201660156,82.34078216552734,9.36667251586914,116.73979187011719,319.2397155761719,123.94793701171875,130.3177947998047
2023-08-30,57.20500183105469,177.8741455078125,195.85069274902344,39.293758392333984,82.07076263427734,9.293708801269531,116.58436584472656,318.4387512207031,123.9864273071289,128.66184997558594
2023-08-31,57.529998779296875,178.82440185546875,195.19815063476562,39.752540588378906,81.99481201171875,9.1678466796875,116.99237823486328,318.79473876953125,123.9671859741211,129.201416015625
2023-09-01,57.64500045776367,178.86318969726562,195.1111297607422,39.833251953125,79.4886474609375,9.197031021118164,116.74463653564453,317.81573486328125,123.37053680419922,127.91758728027344
2023-09-04,57.724998474121094,180.22071838378906,194.28457641601562,39.60386657714844,79.72492218017578,9.173318862915039,116.52120971679688,316.124755859375,123.17807006835938,128.5129852294922
2023-09-05,57.81999969482422,177.33114624023438,193.1099853515625,38.98366165161133,81.45476531982422,8.901530265808105,116.3317642211914,317.81573486328125,123.42826843261719,128.3455352783203
2023-09-06,57.5099983215332,176.43905639648438,192.50094604492188,38.91569519042969,81.26068878173828,8.729155540466309,116.02574920654297,318.7057189941406,124.1019058227539,127.69429779052734
2023-09-07,57.65999984741211,170.73744201660156,192.50094604492188,38.329471588134766,80.18901824951172,8.741010665893555,116.33662414550781,321.1086730957031,125.35293579101562,126.9500732421875
2023-09-08,57.63999938964844,170.64048767089844,193.3710174560547,37.78997802734375,80.68688201904297,8.803030014038086,116.38520050048828,323.0666809082031,126.52696990966797,127.5640640258789
2023-09-11,57.54499816894531,172.4440460205078,195.54617309570312,38.22751998901367,81.45476531982422,8.971757888793945,116.24432373046875,328.6736145019531,124.04415893554688,127.43382263183594
2023-09-12,57.290000915527344,169.147216796875,197.3297882080078,37.620059967041016,81.53070831298828,8.970845222473145,116.13745880126953,332.14459228515625,121.830810546875,126.44769287109375
2023-09-13,57.19499969482422,165.90855407714844,197.80831909179688,37.658294677734375,82.13825988769531,9.226217269897461,116.01602935791016,330.8985900878906,121.7730712890625,124.79174041748047
2023-09-14,57.51499938964844,165.71463012695312,201.4190673828125,38.33372116088867,80.94002532958984,9.39220905303955,116.3074722290039,335.3485412597656,122.60066986083984,126.87564086914062
2023-09-15,57.97999954223633,168.79812622070312,203.11570739746094,39.293758392333984,82.2817153930664,9.348430633544922,115.95288848876953,333.5685729980469,122.42745208740234,128.47576904296875
2023-09-18,57.959999084472656,164.45407104492188,201.4190673828125,38.495140075683594,81.66571807861328,9.169670104980469,115.69058227539062,334.54754638671875,121.90779113769531,127.61988067626953
2023-09-19,58.154998779296875,160.439697265625,203.02870178222656,38.40168380737305,82.40828704833984,9.1678466796875,115.54486083984375,336.060546875,121.0802001953125,125.16385650634766
2023-09-20,58.28499984741211,161.73902893066406,201.3320770263672,38.81373977661133,84.58536529541016,9.257226943969727,115.74398803710938,335.79351806640625,120.73374938964844,126.70816802978516
2023-09-21,57.814998626708984,157.86041259765625,200.0704803466797,36.92763900756836,83.92717742919922,9.204327583312988,115.63714599609375,336.8615417480469,119.36724853515625,124.3637924194336
2023-09-22,58.11000061035156,158.83004760742188,201.984619140625,36.604793548583984,83.76685333251953,9.222569465637207,115.70515441894531,334.54754638671875,120.34882354736328,123.95447540283203
2023-09-25,58.26499938964844,156.69680786132812,199.5484619140625,36.34566879272461,82.07919311523438,9.160550117492676,115.65657043457031,332.6785583496094,119.7329330444336,123.24742889404297
2023-09-26,57.849998474121094,155.08717346191406,200.50550842285156,35.77643585205078,80.99066925048828,9.209800720214844,115.57398986816406,335.08154296875,116.42253112792969,120.86583709716797
2023-09-27,57.5099983215332,152.83755493164062,197.46029663085938,35.920867919921875,81.66571807861328,9.43233871459961,115.39912414550781,330.7206115722656,116.69197845458984,124.8475570678711
2023-09-28,56.6349983215332,152.1006317138672,198.85240173339844,36.23097610473633,81.97793579101562,9.468820571899414,114.8696517944336,333.12353515625,116.90369415283203,126.13139343261719
2023-09-29,56.375,161.56448364257812,196.3727264404297,36.49009704589844,81.32818603515625,9.530838012695312,115.51570892333984,328.4956359863281,118.19320678710938,126.205810546875
2023-10-02,56.1150016784668,159.60577392578125,193.76254272460938,35.58952713012695,81.15098571777344,9.226217269897461,115.19996643066406,327.87261962890625,118.23170471191406,125.07085418701172
2023-10-03,56.04499816894531,155.84349060058594,192.23992919921875,35.47907638549805,80.41686248779297,9.057489395141602,115.11253356933594,327.16064453125,117.69280242919922,123.82423400878906
2023-10-04,55.775001525878906,157.20103454589844,191.1088409423828,35.5555419921875,80.50123596191406,9.046544075012207,115.19510650634766,328.0506286621094,117.40409851074219,124.2335433959961
2023-10-05,55.47999954223633,151.421875,192.0224151611328,35.126495361328125,79.56459045410156,9.073906898498535,115.5351333618164,328.8515930175781,117.53883361816406,123.04276275634766
2023-10-06,55.66999816894531,154.4084014892578,195.15463256835938,35.53005599975586,80.76282501220703,9.186086654663086,115.51570892333984,334.1915588378906,118.90532684326172,125.27550506591797
2023-10-09,56.505001068115234,161.0602569580078,193.58853149414062,34.782413482666016,79.86836242675781,9.063873291015625,116.28804779052734,332.2335510253906,117.63506317138672,123.47071075439453
2023-10-10,56.3650016784668,164.7061767578125,195.98121643066406,35.93361282348633,82.29014587402344,9.321069717407227,116.09859466552734,335.43756103515625,119.48273468017578,127.28498840332031
2023-10-11,56.67499923706055,164.51226806640625,197.46029663085938,36.10778045654297,83.11710357666016,9.269994735717773,116.2734603881836,337.1285095214844,120.1371078491211,128.60601806640625
2023-10-12,57.029998779296875,164.78375244140625,197.06878662109375,35.80192565917969,83.06647491455078,9.220746040344238,115.91403198242188,339.353515625,120.90697479248047,127.11752319335938
2023-10-13,58.85499954223633,162.495361328125,193.8495635986328,35.71696853637695,82.49267578125,9.083938598632812,116.19090270996094,336.3275146484375,117.57731628417969,124.17772674560547
2023-10-16,58.584999084472656,165.2297821044922,195.1111297607422,36.12477493286133,83.23523712158203,9.240809440612793,115.96746063232422,335.52655029296875,118.03923797607422,124.5684585571289
2023-10-17,58.44499969482422,165.77281188964844,195.37216186523438,36.069549560546875,82.91458129882812,9.186086654663086,115.4428482055664,335.79351806640625,118.67436981201172,124.6242904663086
2023-10-18,59.36000061035156,171.0089569091797,194.28457641601562,35.54705047607422,82.61924743652344,8.945307731628418,115.32626342773438,336.5055236816406,116.57649230957031,121.31238555908203
2023-10-19,59.53499984741211,169.03086853027344,192.50094604492188,35.19871520996094,80.42528533935547,8.891497611999512,115.28253936767578,336.1495666503906,122.48519134521484,120.81002044677734
2023-10-20,60.52000045776367,164.8419189453125,189.15121459960938,34.829139709472656,78.94859313964844,8.689935684204102,115.61284637451172,328.7626037597656,119.25177001953125,118.26097106933594
2023-10-23,59.73500061035156,163.87228393554688,189.49923706054688,34.765419006347656,78.73763275146484,8.768372535705566,115.7585678100586,331.1656188964844,119.25177001953125,118.80055236816406
2023-10-24,59.64500045776367,166.80064392089844,189.80377197265625,34.79090881347656,78.06257629394531,8.665312767028809,115.88002014160156,333.39056396484375,121.0224609375,118.55867004394531
2023-10-25,60.05500030517578,166.29641723632812,191.5438690185547,34.48080825805664,77.10904693603516,9.373968124389648,115.67599487304688,340.4215087890625,120.29108428955078,118.11212158203125
2023-10-26,60.380001068115234,161.4093475341797,191.0218505859375,34.99056625366211,74.78851318359375,9.466997146606445,115.92858123779297,336.5055236816406,120.07937622070312,112.75353240966797
2023-10-27,60.1349983215332,161.25421142578125,190.19529724121094,35.22420120239258,74.67037963867188,9.490710258483887,116.1180419921875,334.1915588378906,120.31033325195312,113.88851165771484
2023-10-30,60.59000015258789,161.38995361328125,192.3269500732422,35.41111373901367,74.01219940185547,9.492532730102539,116.17633056640625,337.84051513671875,120.86848449707031,115.07931518554688
2023-10-31,60.61000061035156,162.1268768310547,192.19642639160156,36.98711395263672,73.94468688964844,9.445107460021973,116.28804779052734,336.8615417480469,121.96553039550781,116.25150299072266
2023-11-01,60.314998626708984,161.93296813964844,195.1111297607422,35.925113677978516,75.10073852539062,9.541783332824707,116.54064178466797,343.44744873046875,123.00485229492188,116.75386810302734
2023-11-02,60.03499984741211,165.98611450195312,194.5456085205078,36.974369049072266,76.86433410644531,9.678589820861816,116.71064758300781,340.7774963378906,125.21820068359375,118.7447280883789
2023-11-03,59.66999816894531,165.307373046875,192.283447265625,37.271724700927734,78.43385314941406,9.722368240356445,117.04094696044922,333.74658203125,124.40984344482422,118.89358520507812
2023-11-06,59.314998626708984,166.78125,192.4139404296875,36.668514251708984,78.33260345458984,9.691359519958496,116.56492614746094,332.32257080078125,123.8709487915039,119.99134063720703
2023-11-07,59.10499954223633,166.66488647460938,190.41281127929688,36.93613815307617,77.04997253417969,9.5983304977417,116.8466567993164,330.1866149902344,126.79642486572266,119.89832305908203
2023-11-08,58.75,164.47344970703125,192.06591796875,37.02109909057617,77.70816040039062,9.609274864196777,117.0118179321289,332.8565979003906,128.16293334960938,120.86583709716797
2023-11-09,58.91999816894531,168.701171875,193.41453552246094,37.78997802734375,77.8094253540039,9.616570472717285,116.90493774414062,329.74163818359375,129.64491271972656,123.73119354248047
2023-11-10,58.40999984741211,165.71463012695312,193.15350341796875,37.14003372192383,76.94027709960938,9.572793960571289,116.55522155761719,330.5425720214844,129.77963256835938,121.68451690673828
2023-11-13,58.470001220703125,164.9195098876953,192.63145446777344,37.45438766479492,77.71659851074219,9.673117637634277,116.4872055053711,332.8565979003906,130.31854248046875,123.6381607055664
2023-11-14,58.20000076293945,173.5882568359375,195.32864379882812,38.019371032714844,79.46332550048828,9.780738830566406,117.14295959472656,332.14459228515625,131.12689208984375,127.0430908203125
2023-11-15,58.060001373291016,173.4912872314453,195.32864379882812,38.27000045776367,81.04972839355469,9.95949935913086,116.9691390991211,330.09759521484375,132.08924865722656,129.2200164794922
2023-11-16,58.79499816894531,171.20289611816406,196.76425170898438,37.32270050048828,79.36206817626953,9.928489685058594,117.33869934082031,331.78857421875,131.3001251220703,136.58807373046875
2023-11-17,58.57500076293945,174.189453125,198.80889892578125,37.62430953979492,80.33247375488281,10.18933391571045,117.28033447265625,336.3275146484375,132.0507354736328,138.11380004882812
2023-11-20,58.0,176.1869354248047,199.06993103027344,37.55634307861328,80.78813171386719,10.295129776000977,117.0712661743164,339.1755065917969,134.64903259277344,137.35093688964844
2023-11-21,58.82500076293945,179.52256774902344,200.41851806640625,37.22075271606445,78.94014739990234,10.205750465393066,117.43109130859375,344.6044616699219,134.18711853027344,137.36953735351562
2023-11-22,58.91999816894531,181.67520141601562,200.98403930664062,37.144287109375,79.52239227294922,10.138258934020996,117.35327911376953,344.0704650878906,135.84231567382812,139.2301483154297
2023-11-23,58.625,180.1431427001953,202.11512756347656,37.22075271606445,79.42957305908203,10.136434555053711,117.05180358886719,345.58343505859375,137.1318359375,139.21156311035156
2023-11-24,58.72999954223633,178.8437957763672,202.46315002441406,37.874935150146484,79.36206817626953,10.125492095947266,116.93997192382812,346.8294372558594,135.7653350830078,140.3465118408203
2023-11-27,59.04999923706055,179.61952209472656,200.54901123046875,36.69824981689453,78.8388900756836,10.079888343811035,117.45053100585938,347.1854248046875,136.2657470703125,139.76974487304688
2023-11-28,59.52000045776367,180.99644470214844,200.592529296875,36.281951904296875,78.61106872558594,10.114546775817871,117.83953094482422,347.1854248046875,137.1703338623047,140.8674774169922
2023-11-29,59.834999084472656,186.87257385253906,200.98403930664062,36.51133346557617,81.06660461425781,10.280538558959961,118.34037780761719,344.8714599609375,139.094970703125,142.2257537841797
2023-11-30,60.099998474121094,186.31015014648438,200.6360321044922,36.26496124267578,80.66156005859375,10.420992851257324,118.19937133789062,347.80841064453125,139.99957275390625,143.26768493652344
2023-12-01,60.810001373291016,188.34646606445312,204.6818084716797,36.736480712890625,81.16786193847656,10.50672435760498,118.88985443115234,348.87640380859375,141.17361450195312,145.12831115722656
2023-12-04,60.810001373291016,188.73431396484375,204.55130004882812,36.88091278076172,81.14254760742188,10.51584529876709,118.88985443115234,348.87640380859375,140.80795288085938,146.04000854492188
2023-12-05,60.810001373291016,189.3549041748047,207.72702026367188,37.042335510253906,82.40828704833984,10.552326202392578,118.88985443115234,350.2113952636719,141.59703063964844,147.6773681640625
2023-12-06,60.810001373291016,191.02272033691406,209.6411590576172,37.7559928894043,83.83435821533203,10.643529891967773,118.88985443115234,348.87640380859375,141.59703063964844,149.7054443359375
2023-12-07,60.380001068115234,185.30174255371094,210.6852264404297,38.31248092651367,83.20148468017578,10.548677444458008,119.6775894165039,348.2533874511719,141.5585479736328,150.24501037597656
2023-12-08,59.97999954223633,187.4931640625,212.12083435058594,38.3931884765625,85.15917205810547,10.78398609161377,119.15729522705078,348.2533874511719,142.5978546142578,151.10089111328125
2023-12-11,59.26499938964844,188.1137237548828,213.51290893554688,38.59709548950195,85.47982788085938,10.855124473571777,119.16702270507812,349.7663879394531,141.7895050048828,152.8498992919922
2023-12-12,59.0,187.59011840820312,213.5999298095703,38.72877883911133,85.1760482788086,10.880661964416504,119.32747650146484,353.0593566894531,141.770263671875,152.4405517578125
2023-12-13,59.029998779296875,188.1137237548828,213.12139892578125,40.4449577331543,84.12126159667969,10.793105125427246,119.62896728515625,355.46234130859375,140.98114013671875,151.5288543701172
2023-12-14,59.61000061035156,191.41055297851562,207.9445343017578,40.899497985839844,86.52617645263672,10.917143821716309,120.08119201660156,335.17059326171875,137.1703338623047,154.2639617919922
2023-12-15,59.93000030517578,186.6786346435547,208.9886016845703,40.92923355102539,86.96495819091797,11.035709381103516,120.60147857666016,334.7255554199219,136.15025329589844,155.1570587158203
2023-12-18,59.55500030517578,186.4071502685547,209.4236297607422,41.00994110107422,85.2435531616211,10.93355941772461,120.23192596435547,336.238525390625,135.8808135986328,152.01260375976562
2023-12-19,59.915000915527344,187.5319366455078,210.98974609375,41.26057052612305,85.12541198730469,10.982810020446777,120.59661865234375,338.0185241699219,135.9385528564453,156.27342224121094
2023-12-20,59.61000061035156,189.994873046875,210.772216796875,41.16286849975586,84.73725128173828,11.214468002319336,120.80083465576172,339.08648681640625,133.95614624023438,157.3525848388672
2023-12-21,59.775001525878906,188.52098083496094,210.25018310546875,41.17986297607422,84.00312805175781,11.203524589538574,120.97589874267578,337.4845275878906,132.39718627929688,156.7385711669922
2023-12-22,60.05500030517578,178.55288696289062,211.07676696777344,41.23933410644531,84.92290496826172,11.291081428527832,121.03912353515625,339.97650146484375,133.03233337402344,156.36647033691406
2023-12-27,60.08000183105469,179.92982482910156,210.293701171875,41.33279037475586,84.72037506103516,11.309320449829102,121.31627655029297,336.8615417480469,134.57203674316406,157.0548858642578
2023-12-28,60.16999816894531,178.5141143798828,209.38014221191406,41.273319244384766,84.7541275024414,11.227237701416016,121.25791931152344,335.3485412597656,134.37957763671875,156.7385711669922
2023-12-29,59.900001525878906,178.57229614257812,210.51121520996094,41.4432373046875,85.0410385131836,11.276488304138184,120.9661636352539,333.8355712890625,134.22560119628906,158.07821655273438
2024-01-02,60.595001220703125,176.691162109375,213.12139892578125,41.68961715698242,85.8848648071289,11.384109497070312,120.64524841308594,336.238525390625,132.1662139892578,156.18038940429688
2024-01-03,59.81999969482422,173.7239990234375,211.0332489013672,40.5766487121582,83.96937561035156,11.172514915466309,120.9710464477539,339.08648681640625,131.95449829101562,151.0078887939453
2024-01-04,59.93000030517578,168.4878387451172,213.5999298095703,40.52142333984375,85.22666931152344,11.418766975402832,120.41670227050781,341.7564697265625,131.3001251220703,151.10089111328125
2024-01-05,60.07500076293945,168.2163543701172,212.2078399658203,39.76103973388672,84.93978118896484,11.462544441223145,120.1054916381836,342.2904968261719,131.916015625,149.31471252441406
2024-01-08,59.540000915527344,171.37742614746094,212.77337646484375,39.72280502319336,85.39543914794922,11.593878746032715,120.34376525878906,340.86651611328125,133.55198669433594,149.5751953125
2024-01-09,59.650001525878906,172.6961669921875,211.90330505371094,38.66505813598633,85.07479095458984,11.58293342590332,119.89640045166016,335.3485412597656,134.03314208984375,148.29135131835938
2024-01-10,59.380001068115234,173.9373321533203,210.72872924804688,38.24876022338867,84.2984619140625,11.628536224365234,119.74080657958984,337.84051513671875,136.6891632080078,149.5751953125
2024-01-11,59.15999984741211,172.2501220703125,208.5100860595703,38.08734130859375,83.0833511352539,11.126912117004395,119.7894287109375,333.12353515625,136.53518676757812,149.46356201171875
2024-01-12,60.165000915527344,172.1531524658203,210.293701171875,38.044857025146484,81.72478485107422,10.990106582641602,120.30486297607422,339.5315246582031,139.40293884277344,151.75210571289062
2024-01-15,60.290000915527344,170.34957885742188,210.38070678710938,37.82821273803711,80.60249328613281,10.887957572937012,119.935302734375,342.646484375,139.11424255371094,150.6357421875
2024-01-16,60.11000061035156,166.78125,211.12025451660156,37.598819732666016,80.80501556396484,10.831411361694336,119.88668823242188,340.6884460449219,139.1334686279297,149.9287109375
2024-01-17,59.51499938964844,160.4978790283203,213.03439331054688,36.668514251708984,78.2904052734375,10.787633895874023,119.42959594726562,349.5884094238281,139.36444091796875,147.86343383789062
2024-01-18,59.63999938964844,159.95486450195312,213.46942138671875,37.09331130981445,78.52667236328125,10.862421035766602,119.3177719116211,350.2113952636719,141.7125244140625,149.61241149902344
2024-01-19,59.79999923706055,159.68333435058594,215.0355224609375,36.57505416870117,77.8853759765625,10.773040771484375,119.24967956542969,350.2113952636719,143.27149963378906,149.7240447998047
2024-01-22,59.73500061035156,161.58387756347656,217.38470458984375,36.375404357910156,78.73763275146484,10.889781951904297,119.50252532958984,354.5723571777344,144.67648315429688,152.01260375976562
2024-01-23,60.04999923706055,162.20445251464844,213.51290893554688,37.059326171875,78.94859313964844,10.93355941772461,119.2594223022461,349.7663879394531,143.73341369628906,150.74737548828125
2024-01-24,59.349998474121094,161.09906005859375,216.21011352539062,37.19525909423828,78.94014739990234,11.094079971313477,119.2594223022461,352.7923583984375,154.70394897460938,155.82687377929688
2024-01-25,59.79499816894531,170.34957885742188,214.7745361328125,38.193538665771484,79.05828857421875,11.017467498779297,119.68730926513672,352.4364013671875,154.70394897460938,155.5477752685547
2024-01-26,59.69499969482422,172.4634552001953,215.8621063232422,38.78825378417969,79.96961975097656,11.017467498779297,119.66300964355469,352.703369140625,153.9725799560547,156.1617889404297
2024-01-29,60.290000915527344,172.5991973876953,214.5135040283203,38.282745361328125,80.08776092529297,10.922615051269531,120.01311492919922,351.99139404296875,155.89724731445312,155.6780242919922
2024-01-30,60.28499984741211,174.17005920410156,215.42706298828125,37.7814826965332,80.16370391845703,11.035709381103516,119.77970886230469,350.3004150390625,156.30142211914062,157.52005004882812
2024-01-31,60.79499816894531,170.77622985839844,215.60107421875,37.77298355102539,81.66571807861328,10.975513458251953,120.41670227050781,350.83441162109375,154.74246215820312,155.06402587890625
2024-02-01,61.03499984741211,167.227294921875,213.38241577148438,37.49686813354492,81.87667846679688,11.300201416015625,120.53827667236328,348.6983947753906,156.18594360351562,154.95237731933594
2024-02-02,60.560001373291016,169.70962524414062,213.94793701171875,37.95989990234375,82.67831420898438,11.697851181030273,119.89153289794922,347.8974304199219,157.4754638671875,155.04542541503906
2024-02-05,60.56999969482422,170.3883819580078,213.51290893554688,37.89617919921875,81.48851776123047,11.376811981201172,119.41015625,351.2794189453125,158.32232666015625,153.1475830078125
2024-02-06,60.89500045776367,170.85382080078125,215.8621063232422,38.52912139892578,82.32389831542969,11.207172393798828,119.51712036132812,353.7713623046875,160.13148498535156,155.7152557373047
2024-02-07,60.904998779296875,170.09747314453125,213.38241577148438,37.8834342956543,83.65715789794922,10.581512451171875,119.47335052490234,356.8863220214844,161.67123413085938,156.44088745117188
2024-02-08,60.52000045776367,167.1691131591797,212.16433715820312,37.98114013671875,86.0367431640625,10.592455863952637,119.1767578125,356.7083435058594,161.67123413085938,157.94798278808594
2024-02-09,60.290000915527344,166.52914428710938,211.42478942871094,37.399166107177734,86.07050323486328,10.57968807220459,118.94819641113281,356.6193542480469,161.9791717529297,158.3689727783203
2024-02-12,60.10499954223633,168.9532928466797,214.2524871826172,38.07883834838867,86.18863677978516,10.82958698272705,119.07463073730469,361.6033020019531,161.4402618408203,158.00540161132812
2024-02-13,59.875,165.42373657226562,213.77394104003906,38.282745361328125,85.12541198730469,10.831411361694336,118.84609985351562,365.43023681640625,156.6286163330078,156.60845947265625
2024-02-14,59.69499969482422,169.55447387695312,212.81687927246094,38.71603775024414,85.36168670654297,10.880661964416504,119.09893798828125,364.8072509765625,158.6687469482422,157.9097137451172
2024-02-15,59.779998779296875,168.83692932128906,214.0349578857422,39.15357971191406,86.59368133544922,10.955449104309082,119.02151489257812,367.9222106933594,158.18759155273438,159.7850341796875
2024-02-16,59.94499969482422,170.89260864257812,214.99203491210938,39.58262252807617,87.84253692626953,10.928088188171387,118.70988464355469,363.7392883300781,158.8612060546875,161.90911865234375
2024-02-19,60.19499969482422,174.2670135498047,216.34063720703125,38.89020538330078,86.76244354248047,10.940855979919434,118.67578887939453,362.582275390625,158.0528564453125,162.25357055664062
2024-02-20,60.310001373291016,175.62454223632812,216.9931640625,39.119590759277344,85.91860961914062,10.90255069732666,118.92900085449219,367.3882141113281,156.9173126220703,161.43072509765625
2024-02-21,60.15999984741211,175.934814453125,218.12425231933594,39.42544937133789,88.01131439208984,10.939032554626465,118.48588562011719,367.65521240234375,156.16668701171875,162.10047912597656
2024-02-22,60.07500076293945,182.12124633789062,221.9525146484375,39.79927062988281,88.66949462890625,11.174339294433594,118.47128295898438,373.17315673828125,160.9206085205078,164.66470336914062
2024-02-23,60.46500015258789,183.0521240234375,214.46998596191406,39.591121673583984,90.05337524414062,11.300201416015625,118.8656997680664,376.8221130371094,163.40341186523438,167.72645568847656
2024-02-26,60.09000015258789,182.48971557617188,213.73043823242188,39.361732482910156,90.69468688964844,11.219941139221191,118.45667266845703,375.1311340332031,166.4828643798828,167.34371948242188
2024-02-27,60.2599983215332,182.45094299316406,215.77508544921875,40.31752014160156,90.86344909667969,11.29472827911377,118.3398208618164,375.2201232910156,168.21505737304688,168.9894256591797
2024-02-28,60.345001220703125,184.07994079589844,216.25363159179688,39.90547180175781,92.11231994628906,11.305672645568848,118.35929107666016,378.0680847167969,165.63600158691406,172.0894317626953
2024-02-29,60.814998626708984,181.44247436523438,220.8649444580078,39.99467849731445,92.16294860839844,11.274663925170898,118.63196563720703,383.05206298828125,166.3673858642578,175.036376953125
2024-03-01,61.630001068115234,181.3261260986328,219.08131408691406,40.7678108215332,92.6523666381836,11.460719108581543,118.63196563720703,378.0680847167969,166.81005859375,173.44808959960938
2024-03-04,62.70500183105469,178.9019775390625,219.25534057617188,40.01591873168945,92.7705078125,11.488080978393555,118.69525146484375,382.4290771484375,168.61923217773438,173.25672912597656
2024-03-05,62.959999084472656,179.48377990722656,221.38697814941406,40.14335632324219,92.28108215332031,11.520915031433105,119.15786743164062,383.4080505371094,166.9447784423828,170.8264617919922
2024-03-06,63.20000076293945,180.31768798828125,221.51748657226562,41.230838775634766,90.88031768798828,11.457072257995605,119.0799560546875,383.3190612792969,168.6769561767578,172.223388671875
2024-03-07,63.42499923706055,182.68365478515625,222.99658203125,41.68112564086914,90.25588989257812,11.593878746032715,119.26010131835938,388.2140197753906,171.08277893066406,173.6968536376953
2024-03-08,63.90999984741211,183.4011993408203,225.17173767089844,41.4644775390625,90.40778350830078,11.677785873413086,119.59609985351562,391.0619812011719,170.27444458007812,174.06044006347656
2024-03-11,64.16999816894531,183.12969970703125,226.43331909179688,41.68112564086914,90.1883773803711,11.865666389465332,119.42567443847656,390.260986328125,166.9832763671875,172.8166046142578
2024-03-12,63.68000030517578,186.8919677734375,229.56553649902344,42.0549430847168,92.63549041748047,12.418364524841309,119.14811706542969,391.5959777832031,170.33216857910156,174.8450164794922
2024-03-13,63.834999084472656,194.07711791992188,230.95765686035156,42.13140869140625,91.55538940429688,12.389179229736328,118.98255920410156,392.04095458984375,168.90792846679688,175.95489501953125
2024-03-14,63.70000076293945,200.23446655273438,230.21810913085938,41.4644775390625,88.770751953125,12.349048614501953,118.71961975097656,393.553955078125,168.311279296875,176.05056762695312
2024-03-15,63.869998931884766,198.7799835205078,232.00172424316406,41.893524169921875,89.17579650878906,12.429308891296387,118.56380462646484,396.7579040527344,165.44354248046875,176.9691162109375
2024-03-18,63.83000183105469,194.02865600585938,231.61019897460938,41.634395599365234,89.42893981933594,12.318039894104004,118.47615814208984,396.7579040527344,165.7322540283203,175.68699645996094
2024-03-19,63.7400016784668,194.75588989257812,235.82998657226562,42.989498138427734,90.39090728759766,12.527809143066406,118.6027603149414,403.6998596191406,166.7138214111328,165.5640869140625
2024-03-20,63.849998474121094,193.87350463867188,235.78646850585938,44.07698440551758,89.74960327148438,12.438429832458496,118.64169311523438,398.7159118652344,167.0025177001953,168.16656494140625
2024-03-21,64.44999694824219,193.1559600830078,237.43959045410156,44.731170654296875,88.4332275390625,12.757643699645996,118.93873596191406,394.9779357910156,173.758056640625,167.28631591796875
2024-03-22,64.36499786376953,194.1741180419922,236.5260467529297,44.7906379699707,87.85942077636719,12.930932998657227,119.31367492675781,388.48101806640625,173.48861694335938,167.82212829589844
2024-03-25,64.58000183105469,197.76182556152344,239.44073486328125,44.96905517578125,89.6483383178711,12.90174674987793,118.99716186523438,388.57000732421875,173.93128967285156,166.54000854492188
2024-03-26,64.66000366210938,198.10122680664062,241.0068359375,44.71417999267578,89.9183578491211,12.978357315063477,119.15299224853516,394.9779357910156,175.72122192382812,167.72645568847656
2024-03-27,65.11000061035156,198.48907470703125,241.3983917236328,45.240928649902344,89.5808334350586,13.32675838470459,119.48896789550781,400.76287841796875,175.18231201171875,169.2764434814453
2024-03-28,66.08499908447266,200.71929931640625,241.702880859375,44.96905517578125,90.25588989257812,13.299396514892578,119.45976257324219,402.5428466796875,173.66183471679688,169.3147430419922
2024-04-02,67.2699966430664,196.2588653564453,238.30966186523438,45.72519302368164,89.99430847167969,13.286628723144531,119.00204467773438,401.3858947753906,170.38990783691406,168.01348876953125
2024-04-03,67.91000366210938,195.28919982910156,238.74468994140625,46.3114128112793,94.38220977783203,13.563888549804688,119.07020568847656,396.1349182128906,171.50621032714844,168.91287231445312
2024-04-04,67.75,196.93763732910156,237.00454711914062,46.659751892089844,96.78712463378906,13.6550931930542,119.2162857055664,389.281982421875,171.3137664794922,168.53016662597656
2024-04-05,68.93499755859375,195.483154296875,233.87234497070312,45.73369216918945,94.93070220947266,13.4635648727417,119.06047058105469,377.7121276855469,170.73635864257812,164.91346740722656
2024-04-08,69.04499816894531,198.39212036132812,233.611328125,45.77616882324219,96.82931518554688,13.583953857421875,118.8656997680664,379.5810852050781,170.5438995361328,166.7313690185547
2024-04-09,69.51000213623047,194.90135192871094,229.69606018066406,45.53828048706055,96.06986999511719,13.319461822509766,119.17247009277344,368.1001892089844,165.92471313476562,165.65975952148438
2024-04-10,69.98999786376953,194.41650390625,229.17401123046875,45.87812423706055,94.08686828613281,13.640501022338867,118.768310546875,373.08416748046875,164.84690856933594,166.84620666503906
2024-04-11,70.2699966430664,193.7377471923828,227.08587646484375,44.255393981933594,94.42440795898438,13.303045272827148,118.61249542236328,370.3251953125,164.76991271972656,166.0807647705078
2024-04-12,72.38999938964844,190.44091796875,227.9559326171875,43.88157653808594,92.39921569824219,13.48727798461914,119.26985931396484,369.88018798828125,164.61593627929688,165.20050048828125
2024-04-15,70.94499969482422,198.39212036132812,229.69606018066406,43.96653366088867,92.56797790527344,13.416138648986816,118.85108184814453,373.08416748046875,165.19334411621094,168.30052185058594
2024-04-16,72.17500305175781,196.3558349609375,225.3457489013672,42.930023193359375,89.8255386352539,13.168063163757324,118.70500946044922,365.7862243652344,163.96156311035156,165.60235595703125
2024-04-17,72.0199966430664,213.32484436035156,227.4338836669922,43.30384826660156,89.40362548828125,13.228257179260254,118.67093658447266,364.0952453613281,162.40257263183594,165.21963500976562
2024-04-18,71.83499908447266,219.04583740234375,227.9559326171875,43.38880920410156,90.24745178222656,13.498222351074219,118.52970886230469,367.56622314453125,162.8067626953125,167.9369354248047
2024-04-19,72.08000183105469,217.7852783203125,229.00001525878906,42.85356521606445,89.31924438476562,13.638677597045898,118.47128295898438,369.34619140625,159.55410766601562,165.487548828125
2024-04-22,70.55999755859375,217.00955200195312,232.0452423095703,43.422794342041016,89.31924438476562,13.826558113098145,118.58326721191406,372.4611511230469,159.84280395507812,166.5017547607422
2024-04-23,69.69000244140625,220.9851531982422,235.35145568847656,43.397308349609375,89.8255386352539,14.04179859161377,118.50048828125,387.1460266113281,168.27279663085938,167.7647247314453
2024-04-24,70.0250015258789,220.79122924804688,232.0452423095703,43.60120391845703,89.90992736816406,14.045446395874023,118.10608673095703,383.23004150390625,168.94642639160156,167.09495544433594
2024-04-25,69.94999694824219,219.53067016601562,228.5649871826172,43.32084274291992,88.64418029785156,15.194621086120605,117.88697052001953,376.6441345214844,163.788330078125,166.19557189941406
2024-04-26,70.19000244140625,223.8941192626953,231.00115966796875,44.44505310058594,89.78335571289062,15.077878952026367,118.12069702148438,381.534423828125,167.44517517089844,169.9462127685547
2024-04-29,70.11000061035156,225.2516632080078,231.6971893310547,44.6544189453125,90.12088012695312,13.775483131408691,118.39336395263672,382.2725830078125,164.96238708496094,169.96534729003906
2024-04-30,69.11000061035156,219.53067016601562,231.95823669433594,44.745445251464844,86.4502182006836,13.689750671386719,118.02816772460938,380.3349304199219,163.3071746826172,168.30052185058594
2024-05-02,69.08000183105469,217.2034912109375,232.65426635742188,44.28120040893555,86.02831268310547,13.717113494873047,118.23755645751953,378.21270751953125,162.1908721923828,167.63076782226562
2024-05-03,68.44499969482422,218.1731414794922,229.87008666992188,44.66807556152344,86.49241638183594,13.915937423706055,118.5491943359375,371.47705078125,164.28875732421875,169.9462127685547
2024-05-06,69.29000091552734,218.27012634277344,234.22039794921875,45.04129409790039,86.95652770996094,14.233327865600586,118.70988464355469,382.2725830078125,165.02011108398438,171.61105346679688
2024-05-07,69.09500122070312,215.36114501953125,237.09158325195312,45.58747100830078,87.92692565917969,14.632802963256836,119.08480834960938,387.53192138671875,167.7916259765625,172.35733032226562
2024-05-08,69.3550033569336,215.74900817871094,238.04864501953125,45.068599700927734,85.35325622558594,14.592673301696777,118.7585678100586,399.89605712890625,169.81251525878906,173.73513793945312
2024-05-09,69.56999969482422,216.5247344970703,241.30734252929688,45.36899948120117,85.7751693725586,14.50146770477295,118.69525146484375,407.462158203125,171.08277893066406,176.1271209716797
2024-05-10,70.5199966430664,217.5913543701172,243.32359313964844,44.42684555053711,85.73297882080078,14.481404304504395,118.56380462646484,420.1953430175781,169.42758178710938,180.26048278808594
2024-05-13,69.51000213623047,217.5913543701172,243.8734893798828,44.64076614379883,86.87213897705078,14.412088394165039,118.62223052978516,412.90606689453125,170.02423095703125,179.85862731933594
2024-05-14,69.91500091552734,220.20944213867188,243.23193359375,44.93205642700195,87.54720306396484,14.620034217834473,118.3398208618164,412.16790771484375,168.0995635986328,177.2370147705078
2024-05-15,70.46499633789062,225.05772399902344,241.30734252929688,45.18693923950195,86.82994842529297,14.643747329711914,119.09479522705078,411.5220031738281,169.46609497070312,179.59072875976562
2024-05-16,70.41000366210938,223.31234741210938,244.0567626953125,44.67262649536133,86.4356689453125,14.46133804321289,119.00699615478516,419.27264404296875,172.23367309570312,167.4394073486328
2024-05-17,71.2750015258789,222.63150024414062,245.0648956298828,44.49056625366211,86.04139709472656,14.67723560333252,118.50457000732422,422.4097900390625,172.50653076171875,165.10482788085938
2024-05-20,71.81500244140625,221.46437072753906,245.4314727783203,44.83647537231445,85.12740325927734,14.72416877746582,118.49969482421875,422.7789001464844,174.80636596679688,165.640625
2024-05-21,71.91999816894531,221.7561492919922,244.88160705566406,44.745445251464844,84.96610260009766,14.59838581085205,118.61189270019531,425.2701416015625,175.41055297851562,166.13816833496094
2024-05-22,70.83999633789062,219.22735595703125,244.33172607421875,44.05817794799805,83.51445770263672,14.551451683044434,118.4118881225586,425.82379150390625,174.74789428710938,166.19557189941406
2024-05-23,69.6050033569336,216.79580688476562,241.94888305664062,44.09458923339844,83.08434295654297,14.592752456665039,118.02652740478516,419.9185485839844,176.7358856201172,169.5252227783203
2024-05-24,69.13999938964844,217.7684326171875,242.77369689941406,43.894325256347656,83.1918716430664,14.759839057922363,118.09969329833984,426.3774108886719,175.46902465820312,169.64004516601562
2024-05-27,69.80000305175781,216.60128784179688,243.9651336669922,44.38588333129883,83.96249389648438,14.746697425842285,118.35334777832031,426.7464599609375,175.81982421875,171.19004821777344
2024-05-28,69.74500274658203,216.21226501464844,243.690185546875,43.8897705078125,84.05210876464844,14.705395698547363,118.14849090576172,423.70159912109375,172.70143127441406,169.60177612304688
2024-05-29,69.54499816894531,220.8808135986328,241.8572235107422,43.00223922729492,82.27787017822266,14.395630836486816,117.71923065185547,421.856201171875,171.33714294433594,168.14744567871094
2024-05-30,69.51000213623047,225.16030883789062,243.50689697265625,43.766883850097656,82.97681427001953,14.483866691589355,117.87044525146484,419.4571838378906,164.28172302246094,168.51101684570312
2024-05-31,69.05999755859375,225.16030883789062,245.8896942138672,44.06727981567383,83.49654388427734,14.292374610900879,117.94849395751953,422.5020751953125,161.72853088378906,168.6449737548828
2024-06-03,69.15499877929688,226.52195739746094,248.18089294433594,43.634891510009766,83.56822967529297,14.420036315917969,118.28018188476562,422.6866455078125,163.96987915039062,170.462890625
2024-06-04,68.74500274658203,226.03565979003906,240.11593627929688,43.10691833496094,82.47501373291016,14.104639053344727,118.59725189208984,415.950927734375,164.30120849609375,166.75051879882812
2024-06-05,69.6500015258789,225.35482788085938,240.84910583496094,42.9476203918457,81.91943359375,14.089619636535645,118.8021240234375,421.2103271484375,167.14675903320312,171.09437561035156
2024-06-06,70.17500305175781,224.8685302734375,241.8572235107422,42.765560150146484,81.99112701416016,14.328044891357422,118.47042083740234,426.9310302734375,173.1886749267578,168.09002685546875
2024-06-07,68.68000030517578,224.67401123046875,239.65769958496094,42.601707458496094,81.70438385009766,14.35808277130127,118.12897491455078,426.2851257324219,172.83786010742188,166.9036102294922
2024-06-10,68.98999786376953,223.40960693359375,237.7331085205078,42.0100212097168,81.8119125366211,14.343064308166504,117.8070297241211,424.9010925292969,172.3116455078125,166.9036102294922
2024-06-11,69.27999877929688,219.6164093017578,234.70875549316406,42.27400207519531,81.65061950683594,13.888741493225098,118.24604034423828,424.1629638671875,170.92782592773438,165.0091552734375
2024-06-12,69.15499877929688,224.09043884277344,238.008056640625,42.31041717529297,80.87998962402344,14.042686462402344,118.75822448730469,431.6367492675781,176.77484130859375,170.40548706054688
2024-06-13,68.95500183105469,221.2698516845703,234.89202880859375,41.52756118774414,79.08783721923828,13.635297775268555,119.13871002197266,425.73150634765625,173.44204711914062,163.45913696289062
2024-06-14,69.9000015258789,218.7410430908203,232.2342529296875,40.58540725708008,77.86917114257812,13.53016471862793,119.90941619873047,421.48712158203125,170.32363891601562,158.57948303222656
2024-06-17,69.36499786376953,213.0998992919922,234.25051879882812,40.817535400390625,78.92654418945312,13.747940063476562,119.45575714111328,422.7789001464844,171.27865600585938,160.83750915527344
2024-06-18,69.66000366210938,210.08477783203125,235.5335693359375,40.99959182739258,78.47850799560547,13.764835357666016,119.67040252685547,427.1155700683594,171.5125274658203,161.16282653808594
2024-06-19,69.66000366210938,209.11216735839844,236.5417022705078,40.913116455078125,79.33873748779297,13.808015823364258,119.67040252685547,425.2701416015625,171.785400390625,160.97146606445312
2024-06-20,70.6449966430664,215.1423797607422,238.28297424316406,41.454742431640625,79.19535827636719,13.838052749633789,119.47040557861328,427.9459533691406,175.11819458007812,162.98072814941406
2024-06-21,70.06999969482422,211.8354949951172,237.91639709472656,41.099727630615234,78.19175720214844,13.573344230651855,119.62651062011719,427.1155700683594,176.4435272216797,160.93319702148438
2024-06-24,69.86000061035156,214.072509765625,239.65769958496094,42.01912307739258,80.32441711425781,13.931921005249023,119.5191879272461,430.9908752441406,174.8843231201172,163.65048217773438
2024-06-25,69.66000366210938,211.9327392578125,238.46629333496094,42.24669647216797,80.86206817626953,13.768590927124023,119.58259582519531,430.0682067871094,177.08668518066406,162.25357055664062
2024-06-26,69.26000213623047,216.114990234375,237.4581756591797,41.1497917175293,78.81900787353516,13.768590927124023,119.49966430664062,429.6990966796875,181.2770538330078,161.90911865234375
2024-06-27,69.88999938964844,216.50404357910156,237.7331085205078,41.2772331237793,78.94446563720703,13.87747859954834,119.46063995361328,432.09808349609375,182.6608428955078,166.04248046875
2024-06-28,69.91500091552734,216.89309692382812,237.8247528076172,41.131587982177734,79.19535827636719,13.993873596191406,119.2947998046875,430.8985900878906,184.6878204345703,166.21470642089844
2024-07-01,69.81999969482422,213.48892211914062,240.5741729736328,40.407901763916016,79.87638092041016,14.46133804321289,118.71430969238281,430.80633544921875,180.9457244873047,169.4678192138672
2024-07-02,69.72000122070312,210.08477783203125,237.09158325195312,40.70829772949219,78.87277221679688,14.2867431640625,118.64602661132812,416.7813720703125,180.4779510498047,167.28631591796875
2024-07-03,70.30500030517578,212.1272735595703,238.28297424316406,41.195308685302734,79.24913024902344,14.778613090515137,118.83139038085938,411.1529541015625,182.875244140625,169.1233673095703
2024-07-04,70.16500091552734,213.48892211914062,239.7493438720703,41.3728141784668,78.99822998046875,14.896886825561523,118.68505859375,415.3973693847656,182.25155639648438,169.6782989501953
2024-07-05,70.86499786376953,214.26702880859375,239.10780334472656,41.07241439819336,78.58602905273438,14.70351791381836,119.10943603515625,411.1529541015625,184.25904846191406,169.4678192138672
2024-07-08,70.26499938964844,212.80810546875,240.2992401123047,40.913116455078125,78.0663070678711,14.52329158782959,119.08992004394531,423.60931396484375,183.0506591796875,169.50608825683594
2024-07-09,70.01000213623047,210.18203735351562,238.1913299560547,40.239498138427734,78.58602905273438,14.453828811645508,118.94359588623047,423.9783935546875,180.04917907714844,165.7745819091797
2024-07-10,70.68000030517578,215.23963928222656,240.390869140625,39.757041931152344,80.198974609375,14.483866691589355,119.18260192871094,426.8387451171875,181.0626678466797,168.75979614257812
2024-07-11,71.63999938964844,219.6164093017578,242.04052734375,40.15757369995117,81.5430908203125,14.376855850219727,119.58747100830078,426.2851257324219,181.70584106445312,171.17091369628906
2024-07-12,71.09500122070312,224.8685302734375,244.42337036132812,40.64912796020508,82.6004638671875,14.365592002868652,119.45575714111328,428.4996032714844,183.92770385742188,176.20367431640625
2024-07-15,71.75499725341797,225.0630340576172,243.0486602783203,39.725181579589844,80.4857177734375,14.318658828735352,119.63626098632812,428.77642822265625,182.97268676757812,173.0653839111328
2024-07-16,72.69999694824219,222.43698120117188,241.21571350097656,39.88447952270508,79.64340209960938,14.183487892150879,119.84600830078125,421.1180114746094,182.44647216796875,173.7159881591797
2024-07-17,72.52999877929688,227.10552978515625,241.03240966796875,41.06331253051758,80.37818145751953,14.290497779846191,119.96306610107422,422.87115478515625,178.58741760253906,170.6925048828125
2024-07-18,72.66999816894531,226.42471313476562,240.6658172607422,41.172550201416016,81.829833984375,14.356205940246582,120.05087280273438,421.2103271484375,175.9757537841797,163.15296936035156
2024-07-19,71.0250015258789,220.8808135986328,237.7331085205078,40.139366149902344,80.1810531616211,14.089619636535645,119.72893524169922,410.2302551269531,176.87229919433594,163.076416015625
2024-07-22,70.54499816894531,222.43698120117188,240.390869140625,40.7993278503418,81.47140502929688,14.521413803100586,119.53868103027344,416.135498046875,178.93824768066406,165.7745819091797
2024-07-23,71.23999786376953,224.09043884277344,240.6658172607422,40.74015808105469,80.66493225097656,14.720414161682129,119.88014221191406,417.0581970214844,191.72373962402344,166.11903381347656
2024-07-24,71.94000244140625,226.23019409179688,238.008056640625,40.78112030029297,79.84053802490234,13.496373176574707,120.0020980834961,415.67413330078125,188.87818908691406,164.03321838378906
2024-07-25,70.01499938964844,222.8260498046875,237.27487182617188,40.753814697265625,79.03407287597656,13.537673950195312,120.28013610839844,414.93597412109375,190.2424774169922,161.5264129638672
2024-07-26,70.65499877929688,226.61923217773438,239.29110717773438,39.81166076660156,78.46057891845703,13.533920288085938,120.2996597290039,420.1030578613281,190.78819274902344,162.48321533203125
2024-07-29,70.55999755859375,229.34255981445312,237.18321228027344,39.14259719848633,77.58242797851562,13.44192886352539,120.51427459716797,416.4122619628906,187.962158203125,160.5887451171875
2024-07-30,71.04000091552734,230.1206512451172,240.02427673339844,38.933231353759766,77.74372100830078,13.717902183532715,120.68013763427734,421.856201171875,187.12408447265625,161.22024536132812
2024-07-31,71.9800033569336,224.96578979492188,239.01614379882812,39.23362350463867,76.90140533447266,13.550816535949707,120.93865966796875,420.3798828125,190.04759216308594,162.10047912597656
2024-08-01,72.9800033569336,219.32461547851562,232.69248962402344,38.523597717285156,74.55368041992188,13.135919570922852,121.27523040771484,408.4771423339844,186.57835388183594,157.43130493164062
2024-08-02,71.43000030517578,212.71083068847656,230.30967712402344,38.02293395996094,73.53215026855469,12.366199493408203,121.82157135009766,402.5718688964844,181.4134979248047,150.98251342773438
2024-08-05,70.45500183105469,209.01490783691406,224.99412536621094,37.176361083984375,71.52494049072266,12.048925399780273,121.72401428222656,393.8985290527344,176.5994415283203,148.4374237060547
2024-08-06,70.19499969482422,207.36146545410156,224.1693115234375,37.203670501708984,71.27403259277344,12.050802230834961,121.61669921875,393.8062744140625,180.6728515625,147.3466796875
2024-08-07,70.45500183105469,210.76560974121094,228.38507080078125,37.87273406982422,72.04466247558594,12.23853874206543,121.34840393066406,401.7414245605469,183.18707275390625,149.20286560058594
2024-08-08,71.29000091552734,209.5984649658203,232.69248962402344,37.854530334472656,71.52494049072266,12.28735065460205,121.32889556884766,401.0032958984375,183.47943115234375,152.322021484375
2024-08-09,71.48999786376953,208.72312927246094,234.5254364013672,37.658817291259766,71.41740417480469,12.476963996887207,121.53864288330078,401.1878356933594,185.07762145996094,150.3892822265625
2024-08-12,72.25499725341797,206.58335876464844,234.5254364013672,37.5768928527832,70.77223205566406,12.491982460021973,121.4752426147461,405.2476806640625,184.4734344482422,150.40843200683594
2024-08-13,72.47000122070312,207.45872497558594,235.44192504882812,37.74074172973633,71.07689666748047,12.484474182128906,121.78743743896484,403.5868225097656,186.69529724121094,152.07325744628906
2024-08-14,71.3550033569336,211.25192260742188,237.36651611328125,37.50862121582031,71.72207641601562,12.559568405151367,121.80207061767578,410.7838439941406,187.18255615234375,152.41770935058594
2024-08-15,71.8949966430664,212.41905212402344,241.4906463623047,38.34608840942383,73.0124282836914,12.963201522827148,121.26061248779297,417.79632568359375,190.9831085205078,155.67080688476562
2024-08-16,72.67500305175781,211.05740356445312,244.6982879638672,38.73296356201172,73.24539947509766,13.179099082946777,121.28646087646484,425.6392517089844,191.78221130371094,156.14920043945312
2024-08-19,72.69999694824219,211.64097595214844,247.17279052734375,39.215423583984375,74.12356567382812,13.280475616455078,121.29134368896484,427.1155700683594,192.2109832763672,157.1634063720703
2024-08-20,72.77999877929688,208.23681640625,247.9059600830078,39.46119689941406,74.0698013305664,13.064579010009766,121.63834381103516,428.3150634765625,190.90513610839844,156.742431640625
2024-08-21,72.41000366210938,211.44642639160156,248.9140625,40.19853210449219,74.87626647949219,13.14906120300293,121.7067642211914,429.5145568847656,191.48985290527344,157.7375030517578
2024-08-22,71.7249984741211,211.543701171875,249.64723205566406,40.45796585083008,74.57160186767578,13.678476333618164,121.56014251708984,432.9285583496094,191.52882385253906,157.75662231445312
2024-08-23,72.32499694824219,213.1971435546875,253.03822326660156,40.917667388916016,75.6827392578125,13.798627853393555,121.62368774414062,438.2801513671875,190.6322784423828,159.88072204589844
2024-08-26,72.38500213623047,212.9053497314453,252.0300750732422,40.93132019042969,75.98741149902344,13.710392951965332,121.47216796875,438.1878967285156,189.2484893798828,160.55047607421875
2024-08-27,72.4749984741211,217.57391357421875,253.22149658203125,41.14523696899414,75.969482421875,13.796751022338867,121.32066345214844,444.2777099609375,190.28146362304688,159.89984130859375
2024-08-28,72.5,220.78355407714844,257.25396728515625,41.131587982177734,74.85834503173828,13.779855728149414,121.47705841064453,452.39739990234375,190.22299194335938,160.95233154296875
2024-08-29,73.16000366210938,225.257568359375,257.437255859375,41.62314224243164,75.14509582519531,13.766714096069336,121.43307495117188,450.36749267578125,193.94558715820312,162.8659210205078
2024-08-30,72.83499908447266,225.64662170410156,257.437255859375,41.73693084716797,75.10924530029297,13.843685150146484,121.4379653930664,451.4747009277344,192.67874145507812,162.57887268066406
2024-09-02,72.63999938964844,223.70138549804688,258.3537292480469,41.49114990234375,74.49991607666016,13.849316596984863,121.12028503417969,457.1954040527344,194.76417541503906,163.19122314453125
2024-09-03,72.29000091552734,223.70138549804688,258.4454040527344,40.498931884765625,73.08411407470703,13.625910758972168,121.54058837890625,456.9186096191406,193.14649963378906,160.8566436767578
2024-09-04,72.34500122070312,218.3520050048828,257.437255859375,40.526241302490234,72.17011260986328,13.592118263244629,121.82894897460938,454.61187744140625,188.64430236816406,159.5171356201172
2024-09-05,72.70500183105469,215.92047119140625,259.9117736816406,40.69464874267578,71.95506286621094,14.031421661376953,122.0097885131836,455.5345764160156,186.55886840820312,158.08193969726562
2024-09-06,72.86499786376953,214.65606689453125,256.7957458496094,39.52036666870117,70.07328796386719,13.768590927124023,122.26393127441406,440.40234375,185.8572235107422,154.17820739746094
2024-09-09,72.71499633789062,208.13955688476562,260.00341796875,39.67056655883789,69.57148742675781,14.108393669128418,122.25416564941406,445.0158386230469,187.6697998046875,155.57513427734375
2024-09-10,73.41000366210938,203.37374877929688,259.27020263671875,38.678348541259766,61.811458587646484,13.415645599365234,122.49852752685547,444.7390441894531,187.6308135986328,155.3455047607422
2024-09-11,73.4000015258789,206.972412109375,259.63677978515625,38.933231353759766,63.693214416503906,13.173466682434082,122.87974548339844,442.4322814941406,189.46287536621094,155.13499450683594
2024-09-12,74.41500091552734,212.51632690429688,260.9198913574219,38.869510650634766,63.94411849975586,13.40438175201416,122.35191345214844,446.1230773925781,194.1015167236328,157.20169067382812
2024-09-13,74.80000305175781,212.51632690429688,262.6611633300781,39.68877029418945,65.70042419433594,13.731043815612793,122.43988800048828,448.15301513671875,195.53404235839844,156.9720458984375
2024-09-16,74.61000061035156,213.29441833496094,263.4859924316406,39.64780807495117,64.98356628417969,13.702882766723633,122.57672882080078,448.3375244140625,195.04678344726562,155.86216735839844
2024-09-17,74.19000244140625,215.0451202392578,264.3108215332031,40.403350830078125,65.34200286865234,14.080233573913574,122.41056060791016,441.1405029296875,195.53404235839844,159.1726837158203
2024-09-18,74.4000015258789,214.1697540283203,264.3108215332031,41.359161376953125,66.77572631835938,14.022034645080566,122.16130065917969,444.0008850097656,194.49131774902344,158.56033325195312
2024-09-19,74.54000091552734,220.8808135986328,267.42681884765625,42.601707458496094,68.22736358642578,14.288620948791504,122.26393127441406,450.27520751953125,200.84507751464844,162.57887268066406
2024-09-20,75.43499755859375,211.8354949951172,267.42681884765625,41.89168167114258,65.98717498779297,14.237932205200195,122.18085479736328,449.8138427734375,199.28587341308594,159.45973205566406
2024-09-23,75.91999816894531,212.51632690429688,270.26788330078125,41.099727630615234,67.6001205444336,14.262337684631348,122.44477081298828,451.1056213378906,201.57595825195312,160.26344299316406
2024-09-24,76.2300033569336,214.4615478515625,271.0010681152344,41.60038757324219,70.0016098022461,14.326168060302734,122.7820053100586,455.3500061035156,201.57595825195312,162.98072814941406
2024-09-25,76.58999633789062,216.4067840576172,269.5346984863281,41.263580322265625,67.79725646972656,14.284866333007812,122.50341033935547,454.7964172363281,196.65472412109375,165.08567810058594
2024-09-26,76.83999633789062,227.39732360839844,271.09271240234375,41.23171615600586,70.37796020507812,14.542064666748047,122.64514923095703,456.0881652832031,199.28587341308594,173.8882293701172
2024-09-27,76.41000366210938,233.71932983398438,271.7342529296875,43.948944091796875,72.70775604248047,14.600262641906738,122.79666900634766,456.73406982421875,200.4552764892578,174.9598388671875
2024-09-30,75.93000030517578,231.38504028320312,270.35955810546875,43.288978576660156,70.95144653320312,14.547697067260742,122.8650894165039,456.0881652832031,199.18841552734375,173.5054931640625
2024-10-01,77.42500305175781,226.42471313476562,268.9848327636719,42.701839447021484,69.66109466552734,14.405016899108887,123.33428955078125,448.9834289550781,199.09097290039062,172.0894317626953
2024-10-02,77.15499877929688,230.70420837402344,267.42681884765625,43.00223922729492,69.5535659790039,14.463215827941895,123.10946655273438,441.3250427246094,198.55499267578125,172.8166046142578
2024-10-03,77.42500305175781,230.0233917236328,265.50225830078125,43.216156005859375,68.478271484375,14.418158531188965,122.91883850097656,440.0332946777344,195.6802215576172,171.821533203125
2024-10-04,77.93499755859375,231.67681884765625,267.42681884765625,43.90797805786133,69.67901611328125,14.808650016784668,122.30303955078125,442.8013916015625,195.58274841308594,174.97897338867188
2024-10-07,77.62000274658203,231.7740936279297,267.88507080078125,43.989906311035156,69.75069427490234,14.98699951171875,122.04402160644531,430.8985900878906,195.19296264648438,176.41416931152344
2024-10-08,76.43499755859375,228.56446838378906,266.6020202636719,42.4059944152832,68.33490753173828,14.842443466186523,122.05377197265625,436.52703857421875,199.7731170654297,172.39561462402344
2024-10-09,76.74500274658203,229.43980407714844,268.8931884765625,43.13422775268555,69.17720794677734,15.022669792175293,121.98046875,442.8013916015625,202.5504608154297,176.49070739746094
2024-10-10,77.125,226.3274383544922,269.8096618652344,43.088714599609375,68.67540740966797,15.109028816223145,122.07332611083984,455.8114013671875,200.79635620117188,175.438232421875
2024-10-11,78.04000091552734,227.2028045654297,272.2841491699219,43.00223922729492,67.90478515625,15.26109504699707,121.97068786621094,461.3475341796875,203.28134155273438,177.8110809326172
2024-10-14,77.96499633789062,230.31517028808594,274.30035400390625,42.3741340637207,68.31697845458984,15.334312438964844,121.94136810302734,465.9610290527344,206.1561279296875,177.25613403320312
2024-10-15,78.51499938964844,233.13575744628906,275.9500427246094,41.80065155029297,67.45674133300781,14.94006633758545,122.30303955078125,471.12811279296875,204.45074462890625,174.94068908691406
2024-10-16,79.07499694824219,218.54652404785156,276.04168701171875,42.16476821899414,66.97286224365234,15.095887184143066,122.5278549194336,466.8836975097656,205.279052734375,173.18019104003906
2024-10-17,79.90499877929688,219.13009643554688,277.5080261230469,42.06008529663086,66.99078369140625,15.163472175598145,122.51319885253906,465.4073791503906,206.20486450195312,176.3184814453125
2024-10-18,80.42500305175781,221.6588897705078,278.88275146484375,42.77466583251953,67.29544830322266,15.214160919189453,122.7917709350586,466.14556884765625,207.42298889160156,177.5814666748047
2024-10-21,80.90499877929688,216.50404357910156,276.04168701171875,42.355926513671875,67.09831237792969,15.127801895141602,122.1270980834961,452.39739990234375,205.37652587890625,177.1030731201172
2024-10-22,81.53500366210938,214.072509765625,271.09271240234375,42.23303985595703,67.40298461914062,15.313661575317383,122.02933502197266,439.9410095214844,209.76177978515625,175.5721893310547
2024-10-23,81.01000213623047,210.08477783203125,269.4430847167969,41.90988540649414,67.7076416015625,15.184123992919922,122.15153503417969,436.2502136230469,213.07508850097656,173.3715362548828
2024-10-24,81.33499908447266,210.08477783203125,270.26788330078125,41.90533447265625,68.53204345703125,14.819914817810059,122.3812255859375,437.8188171386719,213.4648895263672,171.70672607421875
2024-10-25,81.41000366210938,211.05740356445312,269.259765625,42.028221130371094,68.10192108154297,14.71478271484375,122.22972106933594,433.2053527832031,215.4138946533203,172.625244140625
2024-10-28,81.54000091552734,207.94503784179688,271.2760314941406,41.73237991333008,67.67179870605469,14.87811279296875,122.18085479736328,439.6642150878906,217.02182006835938,173.98388671875
2024-10-29,82.37000274658203,215.92047119140625,270.35955810546875,41.2135124206543,66.5785903930664,14.761716842651367,121.8533935546875,437.44976806640625,218.28868103027344,173.2375946044922
2024-10-30,82.44499969482422,214.75332641601562,267.6101379394531,40.526241302490234,65.80796813964844,14.549574851989746,121.51615905761719,438.0956115722656,213.9521484375,171.72586059570312
2024-10-31,81.16500091552734,213.39166259765625,265.227294921875,40.6400260925293,64.80435180664062,14.665970802307129,121.4379653930664,433.8512268066406,209.32325744628906,170.6925048828125
2024-11-01,81.3550033569336,216.01773071289062,267.2435302734375,41.46839141845703,65.55706024169922,14.846198081970215,121.39886474609375,434.77392578125,211.22352600097656,173.677734375
2024-11-04,80.83000183105469,214.4615478515625,265.9604797363281,40.97228240966797,65.14485931396484,14.799263954162598,121.41351318359375,432.7440185546875,208.3487548828125,173.4672393798828
2024-11-05,80.625,215.0451202392578,267.51849365234375,40.09840393066406,65.07318115234375,14.94006633758545,121.20824432373047,438.5569763183594,210.15158081054688,176.05056762695312
2024-11-06,80.01000213623047,207.2642059326172,265.50225830078125,40.07109451293945,60.789920806884766,15.174736976623535,121.56991577148438,434.1280212402344,207.52041625976562,176.14627075195312
2024-11-07,80.26499938964844,216.79580688476562,265.41058349609375,41.65500259399414,62.56415557861328,15.005773544311523,121.46729278564453,434.0357360839844,214.97537231445312,179.85862731933594
2024-11-08,80.50499725341797,213.00262451171875,263.0277404785156,39.49305725097656,60.556941986083984,14.570225715637207,121.81428527832031,433.66668701171875,215.75497436523438,175.1703338623047
2024-11-11,78.98500061035156,217.18487548828125,265.3189392089844,40.303218841552734,60.789920806884766,15.148453712463379,122.10753631591797,441.2327880859375,215.9498748779297,177.8110809326172
2024-11-12,78.83000183105469,211.64097595214844,259.27020263671875,38.578216552734375,60.23435592651367,14.844320297241211,121.95602416992188,433.02081298828125,214.7804718017578,170.2523956298828
2024-11-13,78.76000213623047,210.96014404296875,260.8282470703125,38.428016662597656,59.10529708862305,14.624669075012207,121.87781524658203,432.19036865234375,213.8546905517578,171.64930725097656
2024-11-14,78.31500244140625,212.22451782226562,261.4697570800781,38.66924285888672,60.6107063293457,14.932557106018066,122.07332611083984,435.6043701171875,215.4138946533203,180.06912231445312
2024-11-15,78.16500091552734,209.11216735839844,263.85260009765625,39.27458953857422,60.861610412597656,15.075236320495605,122.03890991210938,435.6043701171875,211.75950622558594,179.30368041992188
2024-11-18,79.41500091552734,209.3066864013672,264.3108215332031,39.24728012084961,61.57847213745117,15.191632270812988,121.78418731689453,437.5420227050781,213.0263671875,176.05056762695312
2024-11-19,79.73999786376953,207.36146545410156,261.37811279296875,38.96963882446289,61.88313674926758,14.921292304992676,121.97522735595703,437.44976806640625,214.293212890625,170.15670776367188
2024-11-20,81.00499725341797,207.6532440185547,261.4697570800781,38.56911087036133,61.3813362121582,14.923169136047363,121.95564270019531,438.2801513671875,214.97537231445312,168.93202209472656
2024-11-21,81.70500183105469,205.31898498535156,266.7853088378906,38.332435607910156,60.87953567504883,15.028302192687988,122.15159606933594,446.67669677734375,218.9708251953125,168.39620971679688
2024-11-22,83.51000213623047,208.52859497070312,267.06024169921875,38.76027297973633,60.754085540771484,14.59838581085205,122.66106414794922,448.3375244140625,220.14022827148438,169.88880920410156
2024-11-25,80.90499877929688,215.1423797607422,268.0683898925781,39.15169906616211,62.09819793701172,14.744820594787598,122.84722137451172,452.12060546875,217.8014373779297,173.0079803466797
2024-11-26,80.63500213623047,215.92047119140625,266.0521240234375,38.50539016723633,61.36341857910156,14.59838581085205,122.8374252319336,453.78143310546875,217.5090789794922,172.52957153320312
2024-11-27,80.31999969482422,214.36428833007812,263.85260009765625,38.35519027709961,61.29173278808594,14.50639533996582,123.06277465820312,451.93603515625,214.53683471679688,171.24745178222656
2024-11-28,80.48999786376953,214.75332641601562,265.1356506347656,38.286922454833984,61.7576904296875,14.787999153137207,123.30281066894531,452.9510192871094,215.51133728027344,173.0653839111328
2024-11-29,81.08000183105469,216.9903564453125,267.7934265136719,38.6146240234375,62.74337387084961,15.088376998901367,123.5771484375,456.0881652832031,219.1657257080078,175.2468719482422
2024-12-02,80.94499969482422,223.89590454101562,271.7342529296875,39.37017059326172,64.41007995605469,15.279869079589844,123.9102554321289,469.4672546386719,225.158935546875,179.99258422851562
2024-12-03,80.88999938964844,228.27267456054688,272.6507263183594,40.00282287597656,64.33839416503906,15.704153060913086,123.77799224853516,466.8836975097656,227.01048278808594,181.9827117919922
2024-12-04,80.99500274658203,229.53707885742188,275.0335693359375,39.738834381103516,65.80796813964844,15.662851333618164,123.86617279052734,471.6817321777344,235.53738403320312,183.60926818847656
2024-12-05,80.26000213623047,232.64944458007812,279.1576843261719,39.70242691040039,67.38505554199219,15.925681114196777,123.45467376708984,475.18798828125,235.19631958007812,184.71914672851562
2024-12-06,80.33000183105469,234.9837188720703,276.40826416015625,40.021026611328125,69.21305084228516,15.820549964904785,123.49385833740234,470.7590637207031,235.82974243164062,185.3314971923828
2024-12-09,81.05999755859375,232.06588745117188,273.65887451171875,41.08606719970703,70.96936798095703,15.81491756439209,123.37138366699219,464.66925048828125,234.36798095703125,185.75250244140625
2024-12-10,82.30000305175781,233.71932983398438,273.20062255859375,40.89945983886719,71.39949035644531,15.995145797729492,123.46936798095703,461.71661376953125,233.92945861816406,184.54693603515625
2024-12-11,83.12000274658203,234.88645935058594,276.40826416015625,40.858497619628906,70.3241958618164,15.96323013305664,123.41057586669922,461.5320739746094,232.51641845703125,187.0728759765625
2024-12-12,82.08499908447266,237.80430603027344,274.39202880859375,41.02234649658203,71.6683120727539,15.912541389465332,123.04806518554688,452.2128601074219,235.3424835205078,185.61854553222656
2024-12-13,81.50499725341797,233.4275360107422,276.86651611328125,40.603614807128906,71.8296127319336,16.017671585083008,122.70025634765625,477.4024353027344,234.90396118164062,183.1117401123047
2024-12-16,81.0999984741211,236.3453826904297,274.39202880859375,39.85261917114258,69.5535659790039,16.09652328491211,122.76394653320312,480.35504150390625,234.51414489746094,182.0975341796875
2024-12-17,80.7750015258789,235.56727600097656,274.1170959472656,39.71608352661133,70.21665954589844,15.76047420501709,122.80802917480469,474.4498291015625,232.9549560546875,184.585205078125
2024-12-18,80.9800033569336,234.59466552734375,272.7424011230469,39.49761199951172,69.89408111572266,15.874993324279785,122.83251953125,468.17547607421875,234.173095703125,186.30743408203125
2024-12-19,80.31500244140625,229.63433837890625,272.100830078125,38.85585403442383,69.24889373779297,15.570860862731934,122.50431060791016,463.19293212890625,231.00595092773438,181.25555419921875
2024-12-20,80.98500061035156,229.92611694335938,269.9929504394531,38.72386169433594,69.5177230834961,15.253586769104004,122.61207580566406,455.8114013671875,230.71360778808594,181.08331298828125
2024-12-23,80.69999694824219,228.46719360351562,269.6263732910156,38.54180145263672,68.9442367553711,15.308030128479004,122.39163970947266,458.4871826171875,230.32379150390625,180.81541442871094
2024-12-27,80.7300033569336,229.53707885742188,270.4512023925781,38.88315963745117,70.19873809814453,15.518294334411621,122.0781021118164,454.888671875,233.3934783935547,181.4086456298828
2024-12-30,80.61000061035156,230.31517028808594,271.1843566894531,38.651039123535156,70.77223205566406,15.619671821594238,122.1907730102539,449.4447937011719,230.2750701904297,180.41355895996094
2025-01-02,83.30999755859375,230.2178955078125,272.0091857910156,38.77847671508789,69.98368072509766,15.77737045288086,122.27896118164062,453.504638671875,232.46771240234375,180.94937133789062
2025-01-03,82.50499725341797,227.2028045654297,272.100830078125,37.80446243286133,68.478271484375,15.927559852600098,122.0487060546875,455.5345764160156,228.86204528808594,178.71047973632812
2025-01-06,81.59500122070312,232.94122314453125,274.02545166015625,38.47352981567383,71.50701904296875,15.980127334594727,121.74500274658203,458.3948974609375,233.1498565673828,184.73829650878906
2025-01-07,82.24500274658203,236.6371612548828,275.2168273925781,38.63738250732422,70.66470336914062,15.833690643310547,121.74500274658203,465.7764587402344,237.09658813476562,185.17840576171875
2025-01-08,83.16999816894531,237.9988250732422,276.40826416015625,38.19588851928711,68.78294372558594,15.790513038635254,121.49024963378906,465.038330078125,238.50961303710938,187.18768310546875
2025-01-09,83.37000274658203,239.2632293701172,275.400146484375,38.15037536621094,67.67179870605469,16.08525848388672,121.4853515625,455.9959411621094,238.8994140625,188.10623168945312
2025-01-10,84.5999984741211,237.12347412109375,271.2760314941406,37.7999153137207,68.44242858886719,16.047710418701172,121.19631958007812,447.0457458496094,239.58157348632812,186.09695434570312
2025-01-13,83.98500061035156,232.26039123535156,269.3514099121094,38.07755661010742,68.29906463623047,15.983880996704102,121.01995849609375,446.2153625488281,237.68128967285156,184.83395385742188
2025-01-14,83.53500366210938,230.80148315429688,270.9094543457031,38.69200134277344,68.08399963378906,16.51892852783203,120.83381652832031,449.16796875,241.09205627441406,185.5802764892578
2025-01-15,83.96499633789062,234.49742126464844,276.13330078125,40.303218841552734,69.03384399414062,17.06148910522461,121.28450012207031,457.9335632324219,247.13397216796875,187.13027954101562
2025-01-16,84.91000366210938,235.76181030273438,278.2412109375,40.180328369140625,68.31697845458984,17.084016799926758,121.411865234375,459.5021667480469,248.54701232910156,186.72842407226562
2025-01-17,84.82499694824219,235.0809783935547,280.2574462890625,40.45341491699219,69.08760070800781,17.380640029907227,121.50495910644531,464.3001708984375,250.30111694335938,192.172607421875
2025-01-20,83.74500274658203,236.6371612548828,280.53240966796875,41.4046745300293,71.02313995361328,17.652856826782227,121.4853515625,464.3001708984375,249.4727783203125,193.08155822753906
2025-01-21,84.69999694824219,236.7344207763672,279.0660400390625,41.518463134765625,69.75069427490234,17.592782974243164,121.558837890625,462.8238525390625,250.2036590576172,195.33001708984375
2025-01-22,85.15499877929688,251.0318603515625,280.89898681640625,41.21806335449219,70.09121704101562,17.61906623840332,121.56864166259766,482.0159606933594,255.6121368408203,198.20042419433594
2025-01-23,85.01000213623047,251.80995178222656,284.8398132324219,41.60493850708008,69.33850860595703,17.881895065307617,121.43147277832031,481.6468200683594,255.70957946777344,199.9705047607422
2025-01-24,84.94999694824219,247.53045654296875,283.0985107421875,42.78376770019531,70.64677429199219,17.881895065307617,121.1914291381836,482.3849792480469,256.83026123046875,199.4442596435547
2025-01-27,83.95999908447266,248.11402893066406,286.8560791015625,42.697288513183594,72.61815643310547,17.793659210205078,121.55393981933594,489.95111083984375,254.73509216308594,192.69883728027344
2025-01-28,84.9749984741211,246.65509033203125,288.6889953613281,42.984031677246094,70.6109390258789,18.06963348388672,121.26490783691406,488.8438415527344,255.90451049804688,191.40716552734375
2025-01-29,84.97000122070312,249.47567749023438,287.9558410644531,42.64267349243164,71.0589828491211,18.32682991027832,121.26000213623047,487.7366027832031,260.3872375488281,194.56460571289062
2025-01-30,86.11000061035156,252.39352416992188,289.2388916015625,43.015892028808594,71.57869720458984,17.73733901977539,121.63232421875,485.8912048339844,261.21551513671875,196.2868194580078
2025-01-31,86.84500122070312,247.9194793701172,288.1391296386719,42.42875289916992,70.43172454833984,17.778642654418945,122.03401947021484,482.0159606933594,261.654052734375,198.48745727539062
2025-02-03,88.08000183105469,246.55783081054688,285.8479309082031,40.81298065185547,68.7470932006836,17.21918487548828,122.53860473632812,479.0633239746094,256.4404602050781,193.3686065673828
2025-02-04,88.05000305175781,246.65509033203125,286.764404296875,41.081520080566406,69.14137268066406,17.1027889251709,122.47981262207031,483.30767822265625,260.4846496582031,193.12940979003906
2025-02-05,88.6050033569336,245.39068603515625,286.9477233886719,41.040557861328125,68.38866424560547,16.965742111206055,122.61207580566406,483.861328125,263.8954162597656,192.55532836914062
2025-02-06,88.36499786376953,252.39352416992188,290.4302978515625,44.01266098022461,69.5535659790039,17.536460876464844,122.53860473632812,482.3849792480469,266.6727294921875,199.06153869628906
2025-02-07,89.12999725341797,246.65509033203125,291.80499267578125,43.257118225097656,68.44242858886719,17.45197868347168,122.62677764892578,484.5994567871094,264.09033203125,198.48745727539062
2025-02-10,90.5250015258789,250.25375366210938,293.2713623046875,43.07050704956055,69.03384399414062,17.373130798339844,122.64147186279297,487.1830139160156,264.8699035644531,202.027587890625
2025-02-11,90.27999877929688,247.7249755859375,293.4546813964844,42.74735641479492,68.29906463623047,17.63971710205078,122.2593765258789,485.52215576171875,271.2529296875,205.61558532714844
2025-02-12,89.77999877929688,252.7825469970703,296.1124267578125,43.958045959472656,68.31697845458984,18.043350219726562,122.06340789794922,486.9984436035156,272.03253173828125,202.88873291015625
2025-02-13,89.82499694824219,255.8949432373047,302.7110290527344,46.28839111328125,72.45686340332031,17.987028121948242,122.29366302490234,489.7665710449219,273.1531677246094,217.62339782714844
2025-02-14,88.5250015258789,251.7126922607422,295.2876281738281,46.35211181640625,74.33861541748047,18.06587791442871,122.26426696777344,479.4323425292969,269.8886413574219,220.51199340820312
2025-02-17,88.91999816894531,252.68528747558594,300.05328369140625,46.30659866333008,75.34222412109375,18.484529495239258,121.98795318603516,491.6119384765625,272.95831298828125,222.27452087402344
2025-02-18,90.0250015258789,248.21127319335938,301.427978515625,45.751319885253906,75.55728912353516,18.7454833984375,122.00759887695312,496.0408630371094,271.2529296875,221.4911651611328
2025-02-19,90.36000061035156,243.83450317382812,293.2713623046875,43.77598571777344,73.8368148803711,18.291162490844727,121.68343353271484,477.2178955078125,269.25518798828125,215.76295471191406
2025-02-20,90.42500305175781,240.04132080078125,292.8131408691406,43.64854431152344,73.92642974853516,18.182273864746094,121.76202392578125,475.18798828125,267.93963623046875,216.6442108154297
2025-02-21,90.36499786376953,239.16595458984375,293.4546813964844,44.52242660522461,73.99811553955078,18.43759536743164,122.22370910644531,475.18798828125,266.6240234375,216.84005737304688
2025-02-24,90.3550033569336,238.48513793945312,296.1124267578125,44.60435485839844,74.71497344970703,18.510812759399414,122.2335205078125,482.3849792480469,267.3061828613281,213.55979919433594
2025-02-25,88.69000244140625,238.38787841796875,298.77020263671875,44.37678146362305,76.77595520019531,18.87220573425293,122.44963836669922,485.8912048339844,265.4546203613281,212.0910186767578
2025-02-26,89.11000061035156,240.72213745117188,306.7435607910156,45.24610900878906,77.8870849609375,19.618457794189453,122.40543365478516,509.3276672363281,268.1832275390625,218.7984161376953
2025-02-27,88.75,238.6796417236328,305.46044921875,44.39043426513672,74.93003845214844,19.24298667907715,122.61170959472656,506.0060119628906,260.6795654296875,216.00775146484375
2025-02-28,88.04000091552734,239.45773315429688,302.7110290527344,44.79551315307617,75.18093872070312,19.45418930053711,122.76397705078125,504.3451232910156,258.53564453125,216.5952606201172
2025-03-03,88.54000091552734,241.40296936035156,311.8757629394531,45.52375030517578,76.09493255615234,19.66539192199707,122.29246520996094,518.185546875,264.62628173828125,221.24636840820312
2025-03-04,88.86000061035156,231.19052124023438,306.46856689453125,44.12189865112305,71.61454010009766,18.171010971069336,122.43489837646484,511.7266540527344,252.34756469726562,208.85971069335938
2025-03-05,87.4800033569336,231.4822998046875,313.7087097167969,48.846317291259766,74.69705200195312,20.416337966918945,120.69621276855469,518.7391967773438,257.9509582519531,226.72979736328125
2025-03-06,86.55999755859375,234.59466552734375,316.9163513183594,49.65647888183594,77.94086456298828,21.087495803833008,120.19524383544922,517.6319580078125,254.68638610839844,237.9414520263672
2025-03-07,86.41999816894531,229.92611694335938,314.5335693359375,48.819007873535156,74.93003845214844,20.740182876586914,120.4850082397461,517.8164672851562,247.8648681640625,229.4225616455078
2025-03-10,86.1050033569336,220.58901977539062,313.7087097167969,48.18180465698242,76.7580337524414,19.9704647064209,120.57343292236328,521.3226928710938,236.02462768554688,223.64537048339844
2025-03-11,85.80000305175781,216.30950927734375,309.5845947265625,46.25198745727539,75.55728912353516,19.72171401977539,120.28364562988281,517.4473876953125,232.5651397705078,218.55361938476562
2025-03-12,86.53500366210938,215.23963928222656,317.7412109375,46.43404006958008,75.52144622802734,20.200441360473633,120.36714172363281,528.8888549804688,236.36572265625,222.1276397705078
2025-03-13,88.25,213.7807159423828,319.2991943359375,46.816368103027344,73.76512908935547,20.00331687927246,120.58323669433594,527.4125366210938,230.85975646972656,221.78492736816406
2025-03-14,88.28500366210938,216.89309692382812,322.23193359375,47.85409927368164,73.5679931640625,20.70263671875,120.48992919921875,534.240478515625,236.41444396972656,226.92564392089844
2025-03-17,88.19000244140625,216.89309692382812,324.43145751953125,47.7630729675293,74.85834503173828,20.594688415527344,120.81900787353516,538.30029296875,240.40989685058594,229.4225616455078
2025-03-18,89.2249984741211,217.18487548828125,328.3722839355469,48.391170501708984,75.86195373535156,21.472354888916016,120.82391357421875,538.1157836914062,240.40989685058594,232.06634521484375
2025-03-19,89.7249984741211,220.10272216796875,325.80615234375,47.49908447265625,74.17732238769531,21.322166442871094,120.91230773925781,534.9785766601562,242.01783752441406,231.7725830078125
2025-03-20,89.99500274658203,216.89309692382812,324.1565246582031,46.1700553894043,71.56078338623047,20.890371322631836,120.94670104980469,531.103271484375,243.7719268798828,229.56942749023438
2025-03-21,89.6050033569336,217.9629669189453,322.0486145019531,45.969791412353516,70.93353271484375,20.91383934020996,121.11368560791016,535.34765625,245.5260467529297,224.0860137939453
2025-03-24,89.66500091552734,216.01773071289062,322.4151916503906,45.53285217285156,71.1844253540039,21.458274841308594,121.13825225830078,530.1806030273438,248.83937072753906,220.65887451171875
2025-03-25,89.94499969482422,218.06021118164062,326.4477233886719,45.751319885253906,72.5106201171875,21.922922134399414,121.04984283447266,540.145751953125,252.1526641845703,224.1349639892578
2025-03-26,89.94000244140625,215.4341583251953,325.53125,45.24156188964844,71.04105377197266,21.688251495361328,121.084228515625,540.5147705078125,243.7232208251953,219.82655334472656
2025-03-27,90.94499969482422,215.92047119140625,327.455810546875,43.67129898071289,69.2309799194336,21.444194793701172,121.27085876464844,542.5447387695312,242.8948974609375,216.93797302246094
2025-03-28,91.59500122070312,215.8231964111328,325.62286376953125,43.184295654296875,68.04815673828125,20.824663162231445,121.52135467529297,542.1756591796875,240.4586181640625,211.50350952148438
2025-03-31,92.83499908447266,210.76560974121094,322.6901550292969,41.77789306640625,66.02301788330078,20.482044219970703,121.45750427246094,537.3776245117188,238.16854858398438,207.4888458251953
2025-04-01,93.08499908447266,217.18487548828125,327.1808776855469,42.46061325073242,66.39936828613281,20.885679244995117,121.7767562866211,544.5746459960938,243.7719268798828,210.27952575683594
2025-04-02,92.65499877929688,214.94786071777344,327.455810546875,41.996360778808594,66.0767822265625,21.003015518188477,121.5606460571289,543.8364868164062,242.74871826171875,210.27952575683594
2025-04-03,90.37000274658203,189.75714111328125,324.2481384277344,39.48395538330078,63.72906494140625,19.552751541137695,122.15003204345703,544.2055053710938,232.8574981689453,193.36903381347656
2025-04-04,88.44000244140625,190.7783660888672,304.6356201171875,37.781707763671875,60.93329620361328,17.64159393310547,122.7983627319336,515.7865600585938,225.3050994873047,181.75592041015625
2025-04-07,87.91000366210938,181.24676513671875,289.60546875,37.039817810058594,60.10890579223633,16.963865280151367,122.63628387451172,479.61688232421875,215.75497436523438,172.9237060546875
2025-04-08,88.66999816894531,184.65090942382812,297.94537353515625,37.22187805175781,58.85439682006836,17.654735565185547,122.37596130371094,502.4997253417969,218.0937957763672,178.93588256835938
2025-04-09,89.76000213623047,181.05223083496094,288.8722839355469,36.156837463378906,56.91886901855469,16.849346160888672,122.837646484375,487.5520935058594,208.93345642089844,173.4720458984375
2025-04-10,91.0999984741211,191.3619384765625,301.5196533203125,37.22187805175781,58.33467102050781,18.05461311340332,122.70012664794922,513.2030639648438,224.1356964111328,183.04844665527344
2025-04-11,91.76000213623047,190.48660278320312,300.6031799316406,37.08533477783203,59.46372985839844,18.1221981048584,122.87201690673828,515.0484008789062,219.06829833984375,176.91876220703125
2025-04-14,90.68000030517578,196.7599639892578,309.4929504394531,38.24140548706055,61.52471160888672,19.0693302154541,122.9997329711914,535.5322265625,222.96629333496094,181.83425903320312
2025-04-15,91.73999786376953,192.77224731445312,314.3502502441406,38.18678665161133,62.85090255737305,19.562137603759766,122.96044921875,544.3900756835938,226.71812438964844,181.44259643554688
2025-04-16,93.87000274658203,193.11265563964844,318.29107666015625,38.232303619384766,63.17348861694336,19.538671493530273,123.26986694335938,547.7117919921875,226.42578125,182.26510620117188
2025-04-17,93.13500213623047,193.20989990234375,319.11590576171875,38.18678665161133,62.95843505859375,19.40725326538086,123.4810562133789,553.6170654296875,220.23768615722656,183.1267852783203
2025-04-22,95.80000305175781,198.60792541503906,325.072998046875,39.27003479003906,64.32047271728516,19.717018127441406,123.66769409179688,559.5223388671875,212.9289093017578,185.37890625
2025-04-23,92.62000274658203,204.5408935546875,327.27252197265625,40.22584533691406,65.98717498779297,20.604074478149414,123.29932403564453,563.3975830078125,235.53738403320312,192.40943908691406
2025-04-24,94.1500015258789,209.6957550048828,326.7226257324219,40.5444450378418,67.02662658691406,20.71671485900879,123.68733978271484,556.3851928710938,235.00140380859375,196.47303771972656
2025-04-25,92.6500015258789,211.05740356445312,329.10546875,40.890357971191406,68.38866424560547,21.110963821411133,123.37301635742188,556.0159912109375,238.4608917236328,202.49502563476562
2025-04-28,93.95500183105469,211.44642639160156,331.0300598144531,41.40011978149414,68.40658569335938,21.04056167602539,123.255126953125,547.7117919921875,242.45635986328125,200.78146362304688
2025-04-29,93.37999725341797,204.6381378173828,331.4883117675781,41.1816520690918,68.56787872314453,22.101272583007812,123.37301635742188,548.2654418945312,248.10848999023438,198.03973388671875
2025-04-30,93.80000305175781,196.1763916015625,333.6878356933594,40.626373291015625,66.5785903930664,21.5709171295166,123.672607421875,555.0933227539062,248.79063415527344,197.74598693847656
2025-05-02,91.87000274658203,201.03945922851562,339.09503173828125,40.407901763916016,67.04454803466797,22.063724517822266,123.2305679321289,552.802734375,259.5101623535156,205.4325714111328
2025-05-05,94.1050033569336,201.7202911376953,343.76904296875,40.733924865722656,67.2237548828125,22.48613166809082,123.22566223144531,567.8826293945312,260.5334167480469,206.85238647460938
2025-05-06,96.31999969482422,199.19149780273438,346.0602111816406,40.638038635253906,67.08039093017578,22.251462936401367,123.18636322021484,569.4097290039062,257.6098937988281,204.6002655029297
2025-05-07,95.97000122070312,201.23399353027344,340.6530456542969,40.50379180908203,68.19152069091797,22.134126663208008,123.53509521484375,567.6917724609375,254.83255004882812,204.7960968017578
2025-05-08,95.38500213623047,203.17921447753906,341.2945556640625,41.09830856323242,70.109130859375,22.260848999023438,123.24530029296875,564.4467163085938,256.0993957519531,208.7617950439453
2025-05-09,95.36499786376953,203.2764892578125,346.4570007324219,41.4722785949707,71.39949035644531,22.683256149291992,123.10778045654297,568.0735473632812,254.97872924804688,209.59410095214844
2025-05-12,93.66500091552734,210.96014404296875,336.2277526855469,42.795555114746094,73.04826354980469,23.166677474975586,122.36123657226562,554.329833984375,255.8070526123047,217.13380432128906
2025-05-13,93.48500061035156,217.47666931152344,335.4629211425781,43.428428649902344,75.25262451171875,23.21360969543457,122.25808715820312,529.133056640625,255.66087341308594,220.46302795410156
2025-05-14,91.33999633789062,217.6711883544922,336.4189147949219,42.69966506958008,73.74720764160156,23.28870391845703,122.11565399169922,534.8595581054688,253.6942596435547,219.38592529296875
2025-05-15,92.47000122070312,213.00262451171875,332.8817138671875,42.575008392333984,73.35011291503906,23.631322860717773,122.67730712890625,543.2584838867188,258.8074951171875,217.2317352294922
2025-05-16,91.73500061035156,215.06394958496094,335.7497253417969,41.616111755371094,72.7260971069336,23.41542625427246,122.79058837890625,541.3496704101562,261.80657958984375,215.37127685546875
2025-05-19,92.3949966430664,214.2786865234375,336.13214111328125,41.82706832885742,73.3311996459961,23.72519302368164,122.88414764404297,550.8939208984375,261.0199279785156,217.18276977539062
2025-05-20,93.62999725341797,216.6344757080078,332.4992980957031,41.577754974365234,74.97633361816406,23.673564910888672,122.88908386230469,556.4295654296875,260.67578125,217.62339782714844
2025-05-21,93.90499877929688,216.24185180664062,336.0365295410156,41.175018310546875,74.71159362792969,23.9363956451416,122.6723861694336,557.1930541992188,261.36407470703125,216.3994140625
2025-05-22,93.80999755859375,214.2786865234375,335.4629211425781,40.6763916015625,73.89849090576172,23.589082717895508,122.72657012939453,555.666015625,261.069091796875,212.5806121826172
2025-05-23,95.22000122070312,210.05789184570312,331.7344970703125,39.707908630371094,71.15660858154297,23.236936569213867,123.06639099121094,542.4949951171875,256.2016906738281,207.8805389404297
2025-05-26,94.31999969482422,214.6713104248047,336.80133056640625,40.618858337402344,72.61264038085938,23.67591667175293,123.17475128173828,546.1217651367188,257.9224853515625,214.09832763671875
2025-05-27,93.48999786376953,216.4381561279297,336.89691162109375,41.10789489746094,72.27227020263672,23.926759719848633,123.27323150634766,545.1673583984375,261.2165832519531,216.3994140625
2025-05-28,93.9000015258789,214.47500610351562,332.8817138671875,40.772281646728516,75.39234161376953,23.45401382446289,123.18458557128906,539.0590209960938,258.9057922363281,212.97227478027344
2025-05-29,93.81500244140625,216.0455322265625,332.4037170410156,40.86817169189453,74.20104217529297,23.550493240356445,123.44068908691406,538.2954711914062,258.07000732421875,208.17428588867188
2025-05-30,93.25,215.45657348632812,333.3597106933594,40.6572151184082,73.84175872802734,23.502254486083984,123.43083953857422,545.3582763671875,261.46240234375,207.3909454345703
2025-06-02,94.9000015258789,214.08236694335938,335.1761169433594,40.34077835083008,72.04534912109375,23.343063354492188,123.35696411132812,553.1845092773438,259.88909912109375,209.20242309570312
2025-06-03,94.73999786376953,212.31553649902344,335.3673095703125,40.254478454589844,73.38793182373047,23.584260940551758,123.45053100585938,545.930908203125,265.0514831542969,209.59410095214844
2025-06-04,94.98999786376953,210.1560516357422,337.37493896484375,40.35995864868164,73.02864837646484,23.19352149963379,123.35205078125,550.8939208984375,266.77227783203125,213.51083374023438
2025-06-05,94.30999755859375,207.80026245117188,338.3309326171875,40.27365493774414,72.78282928466797,23.66144371032715,122.89894104003906,549.7485961914062,266.4281311035156,214.68585205078125
2025-06-06,94.11000061035156,207.5057830810547,339.6693420410156,40.12982177734375,72.49918365478516,23.83028221130371,123.00727844238281,551.275634765625,267.8047790527344,214.24522399902344
2025-06-09,93.75499725341797,209.56710815429688,335.1761169433594,40.56132507324219,72.82064056396484,23.76757049560547,123.00235748291016,548.9850463867188,263.134033203125,214.7348175048828
2025-06-10,93.7249984741211,208.9781494140625,332.30810546875,41.702415466308594,73.59593200683594,23.540843963623047,123.23384094238281,536.9592895507812,261.2657470703125,214.49002075195312
2025-06-11,93.50499725341797,205.93527221679688,330.7784729003906,41.27090835571289,72.93409729003906,23.83028221130371,123.16488647460938,535.6231079101562,258.75830078125,215.12648010253906
2025-06-12,94.15499877929688,201.91078186035156,328.0060729980469,40.93529510498047,72.57482147216797,23.536022186279297,123.53919219970703,533.1415405273438,256.79168701171875,212.82540893554688
2025-06-13,95.16999816894531,196.3157958984375,326.5720520019531,40.38872146606445,71.19442749023438,23.039154052734375,123.22891235351562,528.1785888671875,250.4984893798828,210.47535705566406
2025-06-16,94.53500366210938,197.5918426513672,328.7708740234375,40.6763916015625,70.02202606201172,23.58908462524414,123.32740783691406,536.3866577148438,253.1534423828125,211.50350952148438
2025-06-17,94.30500030517578,193.91091918945312,323.8952331542969,40.820228576660156,69.43583679199219,23.09221839904785,123.15010833740234,528.942138671875,251.7767791748047,209.54513549804688
2025-06-18,94.58000183105469,193.81275939941406,322.8436279296875,40.35036849975586,68.58490753173828,23.265880584716797,123.36188507080078,528.1785888671875,248.72853088378906,206.65655517578125
2025-06-19,94.4749984741211,189.7392120361328,318.7327880859375,39.74626541137695,67.60160827636719,22.961971282958984,123.3963623046875,528.751220703125,243.6153106689453,203.57211303710938
2025-06-20,93.97000122070312,191.80052185058594,325.233642578125,39.775028228759766,68.07434844970703,23.15010643005371,123.34712219238281,539.0590209960938,246.9585723876953,204.94297790527344
2025-06-23,94.33999633789062,193.3219757080078,321.4096374511719,39.583248138427734,68.28235626220703,23.024682998657227,123.43083953857422,522.6428833007812,245.77859497070312,204.45339965820312
2025-06-24,91.69999694824219,195.530517578125,325.711669921875,40.79146194458008,69.17110443115234,24.25478744506836,123.28801727294922,524.9335327148438,250.6951446533203,210.03472900390625
2025-06-25,91.9800033569336,193.46922302246094,324.94683837890625,39.8421516418457,68.94418334960938,24.303028106689453,123.22398376464844,526.269775390625,248.28604125976562,209.15347290039062
2025-06-26,91.26000213623047,188.6594696044922,325.3292236328125,40.12982177734375,68.98200225830078,24.640705108642578,123.35696411132812,523.0247192382812,247.45022583007812,210.37745666503906
2025-06-27,89.84500122070312,195.92315673828125,328.6752624511719,41.11748504638672,72.65045166015625,25.08450698852539,123.04668426513672,524.9335327148438,253.6942596435547,218.1129913330078
2025-06-30,90.01499938964844,194.3035430908203,328.9620666503906,40.13941192626953,71.34569549560547,24.283733367919922,123.09101867675781,525.5061645507812,253.84173583984375,213.11915588378906
2025-07-01,91.25,202.40158081054688,327.71923828125,40.35036849975586,71.19442749023438,23.40577507019043,123.20428466796875,520.1614379882812,251.3343048095703,211.16078186035156
2025-07-02,91.19999694824219,204.462890625,325.52044677734375,41.366798400878906,74.76832580566406,23.762744903564453,122.97773742675781,526.4605712890625,248.87603759765625,214.93064880371094
2025-07-03,91.01000213623047,203.67762756347656,328.7708740234375,40.46543502807617,74.06867218017578,23.989471435546875,123.20428466796875,530.4691772460938,253.89093017578125,216.69317626953125
2025-07-04,90.97000122070312,201.51815795898438,326.66766357421875,39.9668083190918,73.59593200683594,23.61802864074707,123.3077163696289,532.3780517578125,251.23597717285156,211.50350952148438
2025-07-07,91.0250015258789,205.44447326660156,334.2201232910156,39.640785217285156,73.80393981933594,23.955703735351562,123.11071014404297,541.3496704101562,256.79168701171875,213.80459594726562
2025-07-08,90.56500244140625,205.14999389648438,335.271728515625,40.666805267333984,75.46797943115234,24.105247497558594,122.87922668457031,543.2584838867188,259.7416076660156,212.53164672851562
2025-07-09,90.8949966430664,208.3892059326172,340.52978515625,41.731178283691406,77.52912139892578,24.92049217224121,122.982666015625,550.5120849609375,261.069091796875,220.8057403564453
2025-07-10,91.4800033569336,208.29104614257812,332.977294921875,42.306514739990234,80.74374389648438,24.819190979003906,122.7955093383789,543.4494018554688,258.7091369628906,222.0786895751953
2025-07-11,92.38500213623047,204.36473083496094,331.3520812988281,41.54899215698242,80.91393280029297,24.491161346435547,122.70684814453125,542.3040771484375,254.43173217773438,218.40675354003906
2025-07-14,92.12000274658203,202.79421997070312,329.8224792480469,41.01200866699219,78.90951538085938,24.606935501098633,122.8152084350586,541.3496704101562,253.743408203125,215.7139892578125
2025-07-15,92.25499725341797,203.8739471435547,324.7556457519531,41.56816482543945,80.42227935791016,24.4766902923584,122.86446380615234,535.2413330078125,255.46420288085938,213.75563049316406
2025-07-16,92.62000274658203,203.67762756347656,327.050048828125,40.2928352355957,79.85499572753906,24.65999984741211,123.08116149902344,543.8311157226562,255.61172485351562,212.6295623779297
2025-07-17,92.48999786376953,202.696044921875,329.8224792480469,40.7818717956543,79.26879119873047,25.041091918945312,123.12056732177734,546.8853149414062,261.36407470703125,221.2953338623047
2025-07-18,92.4800033569336,202.0089569091797,330.3960876464844,40.75310516357422,78.96623992919922,24.944612503051758,123.07623291015625,547.4579467773438,259.6432800292969,219.53280639648438
2025-07-21,93.32499694824219,201.2236785888672,328.48406982421875,41.702415466308594,79.89281463623047,25.214754104614258,123.46038818359375,551.466552734375,259.0533142089844,219.87551879882812
2025-07-22,93.81500244140625,199.26052856445312,325.4248352050781,41.721588134765625,78.70150756835938,24.988027572631836,123.55396270751953,548.9850463867188,255.16921997070312,215.76295471191406
2025-07-23,93.55500030517578,196.26670837402344,330.1092834472656,43.15034484863281,81.97286224365234,25.480070114135742,123.57858276367188,551.6574096679688,244.69696044921875,222.95994567871094
2025-07-24,92.1500015258789,194.84341430664062,329.344482421875,43.85993194580078,81.89722442626953,27.80521011352539,122.9137191772461,548.9850463867188,241.99285888671875,222.51931762695312
2025-07-25,91.30999755859375,195.28512573242188,326.4764404296875,43.77363204956055,84.16636657714844,27.361408233642578,122.82013702392578,547.6488647460938,240.9112091064453,222.5682830810547
2025-07-28,91.75,192.97842407226562,324.6600341796875,43.02568817138672,81.40557098388672,27.071971893310547,122.9974365234375,544.40380859375,239.97706604003906,220.95262145996094
2025-07-29,92.6500015258789,194.0581512451172,329.5356750488281,42.09556198120117,81.46231079101562,27.568838119506836,122.95310974121094,549.5576782226562,244.3036346435547,222.323486328125
2025-07-30,92.21499633789062,171.6781463623047,330.3960876464844,42.14350509643555,79.87390899658203,28.07535171508789,122.86446380615234,546.8853149414062,248.77769470214844,224.1839141845703
2025-07-31,92.66999816894531,164.954345703125,331.92572021484375,41.3859748840332,79.30661010742188,27.964401245117188,122.9137191772461,549.3667602539062,246.61441040039062,220.21823120117188
2025-08-01,93.23999786376953,164.16908264160156,319.4020080566406,40.0531120300293,77.62366485595703,27.10573959350586,122.9974365234375,538.1046142578125,240.56704711914062,208.51699829101562
2025-08-04,93.81999969482422,163.7273712158203,330.1092834472656,39.9668083190918,78.07749938964844,28.0078182220459,123.22891235351562,550.7030029296875,240.66537475585938,212.28684997558594
2025-08-05,93.96499633789062,163.1875,332.0212707519531,40.75310516357422,79.17424774169922,27.9981689453125,123.3372573852539,554.329833984375,242.53366088867188,214.24522399902344
2025-08-06,93.23500061035156,159.89920043945312,336.89691162109375,40.98324203491211,80.1197280883789,28.731409072875977,123.21414184570312,563.3014526367188,244.69696044921875,214.44105529785156
2025-08-07,93.62000274658203,163.4819793701172,350.759033203125,42.92020797729492,81.65139770507812,29.488767623901367,123.23876190185547,580.0992431640625,250.4984893798828,222.3724365234375
2025-08-08,93.54000091552734,164.4144744873047,348.942626953125,43.61061477661133,82.67251586914062,29.956689834594727,122.96788787841797,538.2954711914062,245.9261016845703,227.56210327148438
2025-08-11,92.9000015258789,161.17526245117188,347.8910217285156,42.910621643066406,81.85940551757812,30.05316925048828,122.96788787841797,541.1587524414062,245.18861389160156,223.3026580810547
2025-08-12,92.2699966430664,163.5310516357422,347.79541015625,42.977745056152344,82.72924041748047,29.903627395629883,122.75118255615234,527.0332641601562,228.12815856933594,226.28916931152344
2025-08-13,92.08000183105469,164.90525817871094,352.4798583984375,43.81198501586914,83.84490966796875,29.826444625854492,123.11071014404297,533.1415405273438,235.01133728027344,225.4568634033203
2025-08-14,92.2750015258789,164.75802612304688,360.0323181152344,43.98458480834961,83.99617767333984,30.318485260009766,123.06146240234375,529.8965454101562,235.65048217773438,228.3944091796875
2025-08-15,91.80500030517578,163.13841247558594,360.8927001953125,44.262664794921875,85.22530364990234,30.144824981689453,122.65760803222656,531.2327270507812,233.0447235107422,229.37359619140625
2025-08-18,91.87000274658203,163.8255157470703,357.0686950683594,44.444854736328125,84.45001220703125,30.308839797973633,122.72603607177734,531.9962768554688,232.7005615234375,228.68817138671875
2025-08-19,91.66500091552734,166.1813201904297,357.9290771484375,45.61471176147461,86.43550872802734,30.419790267944336,122.8593978881836,530.8510131835938,232.94638061523438,233.2903289794922
2025-08-20,92.13500213623047,167.06472778320312,358.9806823730469,46.15169143676758,85.84931945800781,30.17376708984375,123.07672882080078,537.531982421875,229.8489532470703,228.6392059326172
2025-08-21,92.54000091552734,165.5432891845703,358.4070739746094,45.52840805053711,85.49003601074219,30.448732376098633,122.81988525390625,534.477783203125,228.27565002441406,228.78607177734375
2025-08-22,92.62999725341797,168.2917022705078,356.5906677246094,46.084571838378906,86.43550872802734,30.583803176879883,123.09648132324219,529.7056884765625,228.71815490722656,231.9684295654297
2025-08-25,92.88500213623047,165.83775329589844,354.3918762207031,45.37498474121094,85.981689453125,30.689929962158203,122.80506134033203,527.4150390625,229.11148071289062,230.5975799560547
2025-08-26,93.3949966430664,164.61077880859375,348.4646301269531,45.42293167114258,85.54676818847656,30.299190521240234,123.1162338256836,520.543212890625,227.9806671142578,230.0100555419922
2025-08-27,93.83000183105469,165.5432891845703,347.9866027832031,44.262664794921875,84.60128784179688,29.28133773803711,123.27429962158203,522.4520874023438,232.45472717285156,228.1496124267578
2025-08-28,93.9000015258789,166.57394409179688,345.69219970703125,44.00376510620117,85.26312255859375,29.16073989868164,123.22984313964844,520.352294921875,232.40557861328125,231.9194793701172
2025-08-29,94.66000366210938,163.28565979003906,345.309814453125,43.495548248291016,84.5823745727539,28.972606658935547,123.17056274414062,519.7796020507812,227.8331756591797,231.6746826171875
2025-09-01,95.5199966430664,162.94210815429688,344.0669860839844,43.457191467285156,85.58457946777344,29.14626693725586,123.06684875488281,517.489013671875,229.99644470214844,234.22055053710938
2025-09-02,96.92500305175781,161.07711791992188,338.6177673339844,43.06404495239258,83.7692642211914,28.64940071105957,122.79025268554688,508.5174255371094,223.4574432373047,223.9391326904297
2025-09-03,98.16999816894531,168.83157348632812,337.4705505371094,42.795555114746094,83.46671295166016,28.750703811645508,123.04214477539062,504.890625,227.489013671875,224.6735076904297
2025-09-04,97.9800033569336,169.96038818359375,338.52215576171875,42.19144821166992,83.7692642211914,29.194507598876953,123.17550659179688,514.816650390625,229.30813598632812,225.2610321044922
2025-09-05,98.29000091552734,172.4634246826172,335.94091796875,42.00926208496094,83.61799621582031,28.818241119384766,123.56571197509766,507.56298828125,224.4407501220703,221.2953338623047
2025-09-08,99.54000091552734,178.6964569091797,337.1837463378906,42.364051818847656,83.1263427734375,28.972606658935547,123.6249771118164,507.1812744140625,226.60403442382812,225.84852600097656
2025-09-09,99.75499725341797,174.8192138671875,337.75732421875,41.721588134765625,79.66590118408203,29.459823608398438,123.476806640625,506.03594970703125,226.45654296875,223.7432861328125
2025-09-10,100.04000091552734,175.06460571289062,336.2277526855469,41.88460159301758,79.45789337158203,29.720317840576172,123.49656677246094,498.5914306640625,219.9666748046875,223.64537048339844
2025-09-11,99.5999984741211,175.50631713867188,336.89691162109375,42.14350509643555,79.74153137207031,30.332958221435547,123.40766143798828,498.20965576171875,216.13177490234375,224.28184509277344
2025-09-12,100.06999969482422,173.73947143554688,338.904541015625,42.05720520019531,79.24988555908203,30.44390869140625,123.1014175415039,507.9447937011719,217.21340942382812,223.79225158691406
2025-09-15,100.25,175.01553344726562,339.8605651855469,42.19144821166992,79.00405883789062,30.79123306274414,123.19032287597656,505.4632568359375,211.06771850585938,225.40789794921875
2025-09-16,99.99500274658203,172.5124969482422,331.3520812988281,41.86542510986328,78.58805847167969,29.729965209960938,123.21996307373047,491.91046142578125,207.42945861816406,221.34429931640625
2025-09-17,100.08000183105469,175.50631713867188,329.344482421875,41.702415466308594,78.4556884765625,29.652782440185547,123.29898834228516,493.4375305175781,214.0668182373047,220.56094360351562
2025-09-18,99.36000061035156,177.96026611328125,331.92572021484375,41.19419479370117,78.87169647216797,29.377817153930664,123.1804428100586,497.2552185058594,225.66989135742188,223.2537078857422
2025-09-19,100.56999969482422,176.0461883544922,332.2124938964844,41.05995178222656,78.72042083740234,29.831268310546875,123.007568359375,497.4461364746094,223.75244140625,223.64537048339844
2025-09-22,101.97000122070312,175.65354919433594,332.4992980957031,40.45584487915039,77.85057830810547,29.67690086364746,123.03227233886719,496.6825866699219,220.9499969482422,222.323486328125
2025-09-23,103.12999725341797,181.83749389648438,332.8817138671875,41.08871841430664,79.06079864501953,29.826444625854492,123.01251983642578,494.2010498046875,222.42495727539062,224.23287963867188
2025-09-24,102.66000366210938,181.34671020507812,330.7784729003906,40.6955680847168,80.19536590576172,29.652782440185547,123.03227233886719,495.5372619628906,224.19491577148438,221.6380615234375
2025-09-25,102.86000061035156,176.9786834716797,333.93328857421875,40.35995864868164,80.19536590576172,29.093204498291016,122.8593978881836,495.91900634765625,221.441650390625,219.14112854003906
2025-09-26,103.87000274658203,176.9786834716797,342.34619140625,40.7435188293457,81.06520080566406,29.474294662475586,123.03721618652344,515.3892822265625,221.39247131347656,223.9880828857422
2025-09-29,104.91999816894531,177.76394653320312,340.720947265625,40.83940505981445,80.89501190185547,28.972606658935547,123.20515441894531,519.3978881835938,221.7858123779297,221.4911651611328
2025-09-30,105.18000030517578,176.0952606201172,341.6769714355469,40.64762496948242,80.78156280517578,28.895423889160156,123.19527435302734,518.6343383789062,224.09658813476562,224.4287109375
2025-10-01,105.94000244140625,183.11355590820312,347.3173828125,41.05036544799805,81.12193298339844,29.035316467285156,123.2100830078125,522.6428833007812,223.99826049804688,226.6318817138672
2025-10-02,105.30000305175781,182.81907653808594,346.36138916015625,41.86542510986328,82.38887023925781,28.987077713012695,123.28911590576172,527.7968139648438,228.22650146484375,236.1789093017578
2025-10-03,106.44000244140625,184.1442108154297,345.5965881347656,42.45035171508789,81.7081298828125,29.2089786529541,123.27923583984375,526.8424072265625,226.3090362548828,236.1789093017578
2025-10-06,108.58999633789062,183.99696350097656,347.0306091308594,42.12432861328125,84.41219329833984,28.81341552734375,123.24958801269531,540.5861206054688,227.73484802246094,238.1862335205078
2025-10-07,109.77999877929688,183.55526733398438,348.2734069824219,42.19144821166992,82.71033477783203,28.78447151184082,123.3286361694336,541.3496704101562,231.07809448242188,237.25601196289062
2025-10-08,112.0,189.64105224609375,354.7742614746094,41.37638854980469,75.88399505615234,29.41640853881836,123.51138305664062,546.6943969726562,233.2413787841797,240.1446075439453
2025-10-09,111.61000061035156,187.87420654296875,352.76666259765625,41.20378875732422,75.92181396484375,29.353696823120117,123.34344482421875,540.3952026367188,233.8313751220703,241.3196258544922
2025-10-10,111.16999816894531,184.04605102539062,351.2370300292969,40.46543502807617,74.20104217529297,29.020845413208008,123.76329040527344,539.2499389648438,226.70236206054688,237.25601196289062
2025-10-13,113.86000061035156,185.2730255126953,352.3842468261719,40.92570495605469,74.82505798339844,29.426055908203125,123.78797912597656,537.7228393554688,227.53817749023438,240.97691345214844
2025-10-14,114.83999633789062,183.55526733398438,353.43585205078125,39.88050842285156,74.31449890136719,29.363344192504883,123.91146087646484,543.4494018554688,228.8164825439453,233.38824462890625
2025-10-15,115.69000244140625,185.81289672851562,349.9942321777344,40.79146194458008,74.57923126220703,29.020845413208008,124.16336822509766,538.2954711914062,230.29144287109375,235.64036560058594
2025-10-16,117.62999725341797,189.10118103027344,347.9866027832031,41.41474151611328,75.2410659790039,29.426055908203125,124.12384796142578,527.0332641601562,229.30813598632812,239.16542053222656
2025-10-17,117.20999908447266,187.87420654296875,332.4992980957031,41.71200180053711,75.8461685180664,27.641197204589844,124.13866424560547,517.489013671875,227.09568786621094,232.94760131835938
2025-10-20,119.88999938964844,191.3097381591797,335.65411376953125,41.980491638183594,76.73492431640625,27.9981689453125,124.06951904296875,518.4434814453125,234.61802673339844,238.1372833251953
2025-10-21,114.30999755859375,191.16250610351562,337.1837463378906,41.405155181884766,76.9996566772461,27.69908332824707,124.22757720947266,522.4520874023438,236.38796997070312,236.8643341064453
2025-10-22,111.63999938964844,185.71473693847656,336.2277526855469,41.33803176879883,76.09199523925781,27.568838119506836,124.20288848876953,524.5517578125,232.89723205566406,236.96226501464844
2025-10-23,114.69999694824219,186.35276794433594,334.7937316894531,41.913368225097656,75.99744415283203,27.761795043945312,124.1287841796875,521.6884765625,237.96127319335938,234.6611785888672
2025-10-24,114.69999694824219,183.94789123535156,337.2793273925781,41.92295837402344,76.73492431640625,27.97887420654297,124.1287841796875,524.7426147460938,229.4556427001953,238.52896118164062
2025-10-27,110.19999694824219,183.89881896972656,340.6253356933594,41.616111755371094,77.07528686523438,28.12359046936035,123.86207580566406,526.8424072265625,231.61892700195312,241.66233825683594
2025-10-28,109.05000305175781,181.00315856933594,341.6769714355469,41.24214172363281,76.81055450439453,28.562570571899414,123.82255554199219,523.5973510742188,230.19313049316406,241.12379455566406
2025-10-29,110.18000030517578,162.20591735839844,338.71331787109375,41.92295837402344,77.62366485595703,29.97598648071289,123.88677215576172,521.3067626953125,220.55667114257812,240.6342010498047
2025-10-30,111.16000366210938,164.36538696289062,340.4341735839844,41.251731872558594,76.94292449951172,30.038698196411133,123.79291534423828,522.0702514648438,222.080810546875,241.85816955566406
2025-10-31,111.0999984741211,160.7826385498047,332.8817138671875,41.031185150146484,76.31890869140625,29.84091567993164,123.82749938964844,511.9533996582031,220.70416259765625,240.43836975097656
2025-11-03,111.5999984741211,159.16302490234375,337.4705505371094,41.16543197631836,77.09420013427734,30.304014205932617,123.68919372558594,511.1897888183594,225.03074645996094,242.05401611328125
2025-11-04,111.1500015258789,154.84408569335938,338.2353210449219,40.12982177734375,75.92181396484375,30.4294376373291,123.76329040527344,512.5260009765625,222.2774658203125,239.116455078125
2025-11-05,111.51000213623047,156.3164520263672,340.6253356933594,41.251731872558594,81.12193298339844,30.516267776489258,123.733642578125,519.01611328125,224.145751953125,239.89981079101562
2025-11-06,110.8499984741211,156.41461181640625,337.75732421875,41.13666534423828,79.70372009277344,30.217182159423828,123.77316284179688,514.2439575195312,214.31263732910156,236.57058715820312
2025-11-07,111.66999816894531,154.64776611328125,336.5145263671875,40.772281646728516,81.44339752197266,29.99045753479004,123.80279541015625,508.70831298828125,212.051025390625,232.360107421875
2025-11-10,114.0,154.7949981689453,341.1033630371094,41.251731872558594,82.18086242675781,31.307395935058594,123.73858642578125,519.5888061523438,212.64102172851562,240.58523559570312
2025-11-11,114.02999877929688,159.31027221679688,343.2065734863281,41.77912521362305,82.5590591430664,31.355634689331055,123.81761169433594,520.543212890625,213.42767333984375,242.24984741210938
2025-11-12,116.33000183105469,161.7642059326172,345.11859130859375,41.942138671875,84.20418548583984,32.17570114135742,123.83737182617188,523.0247192382812,214.755126953125,245.18739318847656
2025-11-13,116.11000061035156,160.38999938964844,347.4129943847656,42.29692840576172,83.95836639404297,31.78496551513672,123.63980865478516,530.6600952148438,214.46014404296875,222.27452087402344
2025-11-14,113.41999816894531,158.67222595214844,351.4282531738281,41.68323516845703,83.9016342163086,30.747817993164062,123.54595184326172,521.87939453125,207.57696533203125,225.55479431152344
2025-11-17,112.8499984741211,157.05262756347656,346.26580810546875,40.820228576660156,82.25650787353516,29.729965209960938,123.53282165527344,515.9619140625,203.54539489746094,218.3577880859375
2025-11-18,112.73999786376953,151.0649871826172,343.7801818847656,40.17776870727539,80.0440902709961,28.456443786621094,123.5675048828125,510.0445251464844,201.9229278564453,213.60874938964844
2025-11-19,113.5999984741211,150.0834197998047,343.4933776855469,41.32844161987305,80.55464172363281,28.823062896728516,123.60713958740234,507.1812744140625,202.07041931152344,214.0493927001953
2025-11-20,113.30000305175781,149.4453887939453,346.7438049316406,41.01200866699219,79.81716918945312,28.779647827148438,123.52291870117188,506.7994689941406,203.15206909179688,216.49734497070312
2025-11-21,113.87000274658203,148.807373046875,347.126220703125,41.990081787109375,80.44119262695312,28.350317001342773,123.69630432128906,508.13568115234375,201.57876586914062,214.58792114257812
2025-11-24,114.33999633789062,149.54356384277344,346.93499755859375,42.50788879394531,82.29432678222656,28.490211486816406,123.7359390258789,507.56298828125,204.03704833984375,218.3577880859375
2025-11-25,115.11000061035156,151.35946655273438,350.8546447753906,42.87226486206055,82.86161041259766,28.8278865814209,123.79537200927734,515.5802001953125,201.4312744140625,222.27452087402344
2025-11-26,115.41999816894531,155.923828125,356.97308349609375,42.78596496582031,82.63469696044922,29.551477432250977,123.8399658203125,518.2525634765625,203.25039672851562,223.35162353515625
2025-11-27,115.18000030517578,156.66000366210938,355.4434509277344,42.78596496582031,83.10743713378906,29.469472885131836,123.77556610107422,519.2069702148438,203.54539489746094,222.8130645751953
2025-11-28,116.69999694824219,157.44525146484375,355.92144775390625,43.05445861816406,83.23979949951172,29.532184600830078,123.72602081298828,519.2069702148438,205.06951904296875,223.54745483398438
2025-12-01,117.12999725341797,158.1814422607422,353.43585205078125,42.90103530883789,84.5067367553711,29.41640853881836,123.42880249023438,515.5802001953125,205.41368103027344,221.4911651611328
2025-12-02,115.91999816894531,157.54342651367188,355.4434509277344,43.303768157958984,84.67692565917969,30.029048919677734,123.42384338378906,513.6713256835938,204.38121032714844,222.5682830810547
2025-12-03,116.45999908447266,156.80723571777344,349.1338195800781,42.402408599853516,84.31764221191406,29.527359008789062,123.47833251953125,508.13568115234375,203.05372619628906,223.9880828857422
2025-12-04,116.27999877929688,158.67222595214844,350.6634216308594,41.01200866699219,88.09955596923828,29.893980026245117,123.30496215820312,510.2353820800781,206.64280700683594,225.40789794921875
2025-12-05,116.4800033569336,161.27342224121094,350.5678405761719,41.93254852294922,91.20071411132812,30.01940155029297,123.11176300048828,507.3721008300781,209.6910858154297,228.59024047851562
2025-12-08,116.02999877929688,157.3961944580078,353.34027099609375,41.52981185913086,91.84364318847656,30.424612045288086,122.7055435180664,509.8536376953125,206.59365844726562,229.4715118408203
2025-12-09,116.41999816894531,156.9544677734375,363.9519348144531,41.4722785949707,92.1083755493164,30.9986629486084,122.8244400024414,516.15283203125,206.4953155517578,229.17776489257812
2025-12-10,115.95999908447266,158.4268341064453,362.4223327636719,41.366798400878906,90.44434356689453,30.87806510925293,122.72535705566406,521.87939453125,207.42945861816406,226.7787628173828
2025-12-11,116.55999755859375,161.22433471679688,367.10675048828125,42.728431701660156,90.29306030273438,31.461761474609375,122.8194808959961,533.3324584960938,205.8070068359375,233.87783813476562
2025-12-12,117.29000091552734,164.4144744873047,363.6651306152344,42.99692153930664,90.89816284179688,30.477676391601562,122.77985382080078,532.5689086914062,204.72535705566406,232.1153106689453
2025-12-15,117.37999725341797,163.1875,366.4375305175781,42.431175231933594,89.99050903320312,30.964895248413086,122.8244400024414,530.4691772460938,206.15115356445312,234.1715850830078
2025-12-16,117.5,165.44512939453125,366.4375305175781,42.6900749206543,89.12067413330078,30.689929962158203,122.88883972167969,532.3780517578125,203.2012176513672,232.55593872070312
2025-12-17,118.30999755859375,161.9605255126953,368.6363830566406,42.498294830322266,88.3832015991211,30.53556251525879,122.88883972167969,524.3609008789062,203.5945587158203,227.80690002441406
2025-12-18,119.7699966430664,163.97276306152344,368.92315673828125,42.22980499267578,87.98609161376953,31.524471282958984,122.93341827392578,525.5061645507812,205.95449829101562,230.89132690429688
2025-12-19,119.29000091552734,162.05868530273438,372.36480712890625,41.96131134033203,88.51556396484375,31.80426025390625,122.72040557861328,530.4691772460938,205.3153533935547,231.087158203125
2025-12-22,121.29000091552734,163.7273712158203,373.2251892089844,41.93254852294922,87.79700469970703,31.794614791870117,122.68572235107422,535.0504150390625,205.06951904296875,231.7236328125
2025-12-23,121.75,161.37156677246094,373.7987976074219,41.84624481201172,87.60791015625,32.127464294433594,122.91856384277344,536.7684326171875,204.23370361328125,232.84970092773438
2025-12-29,118.63999938964844,165.15066528320312,371.6955871582031,42.392818450927734,88.43992614746094,31.596830368041992,123.18111419677734,535.2413330078125,204.97119140625,232.1153106689453
2025-12-30,120.37000274658203,165.93592834472656,373.32080078125,42.60377502441406,88.06173706054688,31.944154739379883,123.00772094726562,536.5775146484375,204.87286376953125,234.1715850830078
2026-01-02,118.22000122070312,164.31631469726562,370.64398193359375,42.939388275146484,91.06835174560547,32.37831115722656,122.83930206298828,515.7711181640625,198.5796661376953,236.0810089111328
2026-01-05,121.9800033569336,166.770263671875,375.4240417480469,42.08597183227539,88.51556396484375,32.6195068359375,122.96809387207031,515.3892822265625,202.7587432861328,239.50814819335938
2026-01-06,123.44000244140625,160.73355102539062,374.0856018066406,42.99692153930664,87.9671859741211,32.23359298706055,123.20092010498047,507.56298828125,198.67800903320312,242.396728515625
2026-01-07,122.80000305175781,157.98512268066406,367.8715515136719,42.344871520996094,87.98609161376953,31.842853546142578,123.35945129394531,503.9361877441406,204.92201232910156,250.91561889648438
2026-01-08,123.05999755859375,162.3531494140625,373.0340270996094,42.498294830322266,87.55117797851562,32.0502815246582,123.21578979492188,508.3265380859375,203.05372619628906,246.55825805664062
2026-01-09,124.54000091552734,163.5801239013672,365.4815368652344,43.092811584472656,87.00279998779297,31.89109230041504,123.2603759765625,502.7908630371094,208.8061065673828,248.90829467773438
2026-01-12,127.19000244140625,162.59854125976562,363.28271484375,42.92980194091797,85.54676818847656,32.56161880493164,123.42880249023438,501.07293701171875,209.54359436035156,252.97190856933594
2026-01-13,127.13999938964844,159.75196838378906,363.0915222167969,42.74761199951172,83.63690185546875,32.50373077392578,123.30496215820312,495.5372619628906,209.8877410888672,256.3011169433594
2026-01-14,127.44999694824219,157.19985961914062,362.2311096191406,43.936641693115234,85.90604400634766,32.46514129638672,123.54769134521484,503.5544128417969,202.66041564941406,253.65731811523438
2026-01-15,127.7699966430664,159.35934448242188,365.29034423828125,44.387325286865234,85.1685791015625,32.52785110473633,123.51795959472656,500.1184997558594,202.16876220703125,255.41986083984375
2026-01-16,127.36000061035156,156.9053955078125,363.8563537597656,42.757198333740234,83.88272857666016,32.36865997314453,123.40402221679688,502.9817810058594,198.7763214111328,254.8323516845703
2026-01-19,129.02999877929688,148.75828552246094,362.613525390625,42.25857162475586,81.00847625732422,31.54859161376953,123.47833251953125,500.1184997558594,192.68963623046875,250.6708221435547
2026-01-20,130.0399932861328,150.18157958984375,357.2598876953125,41.82706832885742,81.38666534423828,31.26397705078125,123.43374633789062,499.7366943359375,190.76234436035156,248.418701171875
2026-01-21,133.05999755859375,149.64170837402344,351.90625,43.485958099365234,82.01068115234375,30.979366302490234,123.31981658935547,484.08416748046875,187.8517303466797,247.83119201660156
2026-01-22,133.55999755859375,149.64170837402344,353.72265625,44.60786819458008,83.1263427734375,32.22394561767578,123.29010009765625,487.52008056640625,186.67176818847656,252.62918090820312
2026-01-23,136.24000549316406,141.1019744873047,347.8910217285156,44.20513153076172,82.84270477294922,31.727075576782227,123.16625213623047,484.4659423828125,194.61692810058594,249.1041259765625
2026-01-26,137.36000061035156,144.24302673339844,349.32501220703125,44.43526840209961,82.71033477783203,31.98756980895996,123.36935424804688,483.702392578125,197.5963592529297,249.25100708007812
2026-01-27,136.63999938964844,144.3411865234375,349.2294006347656,44.20513153076172,82.06741333007812,32.349365234375,123.37926483154297,487.7109680175781,192.27664184570312,248.12493896484375
2026-01-28,142.36000061035156,141.88723754882812,351.71502685546875,44.05170822143555,82.25650787353516,31.707782745361328,123.52291870117188,484.4659423828125,192.8666229248047,245.67698669433594
2026-01-29,141.69000244140625,140.85658264160156,353.0534362792969,44.070884704589844,82.36996459960938,31.312219619750977,123.62200164794922,487.1383056640625,161.87266540527344,250.62185668945312
2026-01-30,134.41000366210938,146.40249633789062,355.4434509277344,44.070884704589844,82.65360260009766,32.127464294433594,123.626953125,489.0472106933594,167.71353149414062,250.96456909179688
2026-02-02,127.05999755859375,147.3840789794922,362.5179443359375,44.713348388671875,83.20198059082031,32.257713317871094,123.48824310302734,494.0101623535156,172.17776489257812,254.93026733398438
2026-02-03,135.64999389648438,146.25526428222656,365.5771484375,45.451698303222656,82.86161041259766,32.59056091308594,123.38421630859375,492.48309326171875,164.21295166015625,255.2729949951172
2026-02-04,134.11000061035156,149.1509246826172,370.357177734375,47.714691162109375,86.07623291015625,30.834646224975586,123.60713958740234,502.5999755859375,164.40960693359375,236.96226501464844
2026-02-05,132.24000549316406,149.05276489257812,367.10675048828125,47.08182144165039,84.09073638916016,29.619014739990234,123.65171813964844,503.9361877441406,167.63487243652344,239.41021728515625
2026-02-06,134.27000427246094,150.0343475341797,370.1659851074219,46.19963836669922,83.61799621582031,30.149648666381836,123.75575256347656,507.75390625,168.36251831054688,245.28530883789062
2026-02-09,137.0800018310547,150.77053833007812,370.357177734375,46.659908294677734,83.42889404296875,30.646512985229492,123.7359390258789,505.8450622558594,172.00076293945312,250.62185668945312
2026-02-10,135.50999450683594,153.0281524658203,360.797119140625,48.82701110839844,84.41219329833984,30.424612045288086,123.91921997070312,502.9817810058594,175.3046875,252.72711181640625
2026-02-11,137.30999755859375,150.9668426513672,350.6634216308594,49.49824142456055,84.5823745727539,30.18824005126953,123.94400024414062,509.0901184082031,166.1795654296875,250.91561889648438
2026-02-12,133.7100067138672,150.72145080566406,350.8546447753906,49.24892807006836,82.93724822998047,29.739612579345703,124.052978515625,517.1072387695312,166.86788940429688,251.65000915527344
2026-02-13,135.8300018310547,152.0956573486328,350.759033203125,48.980438232421875,84.05290985107422,28.55774688720703,124.1916732788086,506.4176940917969,168.8541717529297,251.0500030517578
2026-02-16,135.32000732421875,151.2122344970703,352.9578552246094,48.673587799072266,84.60128784179688,28.72658348083496,124.2164535522461,506.60858154296875,165.5502471923828,234.9499969482422
2026-02-17,132.5399932861328,153.56802368164062,356.0170593261719,48.539344787597656,85.62239837646484,29.24757194519043,124.26004028320312,512.1442260742188,166.8088836669922,235.75
2026-02-18,136.08999633789062,154.156982421875,356.1126708984375,47.85852813720703,86.7947998046875,29.908451080322266,124.26004028320312,507.56298828125,170.48648071289062,244.8000030517578
2026-02-19,136.63999938964844,152.39013671875,356.97308349609375,46.68867492675781,85.1685791015625,29.33922576904297,124.26004028320312,511.3807067871094,167.89053344726562,240.5500030517578
2026-02-20,138.3800048828125,155.77658081054688,362.5179443359375,46.88045120239258,85.3954849243164,29.956689834594727,124.28984832763672,517.2981567382812,170.8994598388672,245.14999389648438
2026-02-23,141.99000549316406,155.6784210205078,362.135498046875,46.86127471923828,82.9183349609375,29.594894409179688,124.45880126953125,518.0616455078125,165.05859375,240.64999389648438
2026-02-24,140.25,157.2489471435547,361.8487243652344,46.86127471923828,83.65581512451172,29.078731536865234,124.45880126953125,523.7882080078125,163.07229614257812,239.5
2026-02-25,141.7899932861328,155.58026123046875,364.71673583984375,46.91880798339844,83.31544494628906,29.52253532409668,124.46874237060547,527.4150390625,163.99661254882812,244.10000610351562
2026-02-26,141.3000030517578,159.50657653808594,367.7759704589844,47.618804931640625,83.99617767333984,29.94704246520996,124.54823303222656,523.5973510742188,169.3458251953125,248.64999389648438
2026-02-27,142.32000732421875,155.28578186035156,365.3859558105469,46.698265075683594,84.5823745727539,29.228275299072266,124.83644104003906,530.2783203125,168.1068572998047,247.39999389648438
2026-03-02,145.49000549316406,148.56198120117188,354.10504150390625,45.38457489013672,80.36554718017578,28.220069885253906,124.4190444946289,526.6514892578125,164.311279296875,238.1999969482422
2026-03-03,141.86000061035156,144.39027404785156,339.76495361328125,43.56267166137695,78.02076721191406,27.004436492919922,124.06623840332031,500.6911315917969,162.7183074951172,226.4499969482422
2026-03-04,142.33999633789062,139.18789672851562,343.2065734863281,44.25307846069336,78.13422393798828,27.60260581970215,124.22525024414062,510.2353820800781,164.58660888671875,232.89999389648438
2026-03-05,140.58999633789062,142.42710876464844,337.6617431640625,44.521568298339844,76.98074340820312,26.932079315185547,123.59419250488281,507.75390625,168.12652587890625,224.8000030517578
2026-03-06,140.58999633789062,140.07131958007812,332.30810546875,43.40924835205078,75.4490737915039,25.97693634033203,123.41033935546875,501.2638244628906,169.85716247558594,224.8000030517578
2026-03-09,141.50999450683594,137.12657165527344,329.05767822265625,42.948978424072266,74.46577453613281,25.615140914916992,123.32089233398438,499.5458679199219,169.01150512695312,221.10000610351562
2026-03-10,144.3800048828125,139.2369842529297,338.8089294433594,43.96540832519531,76.016357421875,26.49309730529785,123.57927703857422,505.6541442871094,166.76956176757812,232.14999389648438
2026-03-11,143.61000061035156,137.4701385498047,336.4189147949219,44.40650177001953,76.41345977783203,26.179542541503906,123.03765869140625,502.4091491699219,162.67898559570312,228.1999969482422
2026-03-12,143.05999755859375,138.59893798828125,335.08050537109375,46.45853805541992,77.22657012939453,24.799894332885742,122.82398986816406,509.0901184082031,164.2326202392578,224.6999969482422
2026-03-13,141.8300018310547,136.34130859375,338.52215576171875,46.362648010253906,76.8672866821289,24.592464447021484,122.7593994140625,513.0986328125,163.66229248046875,220.35000610351562
2026-03-16,139.35000610351562,138.4517059326172,343.6845703125,46.31470489501953,74.76832580566406,24.988027572631836,122.90349578857422,515.3892822265625,162.6986541748047,220.3000030517578
2026-03-17,139.47999572753906,138.010009765625,346.1701965332031,46.851688385009766,75.0330581665039,24.954259872436523,123.14698028564453,528.1785888671875,163.46563720703125,219.14999389648438
2026-03-18,136.11000061035156,135.50697326660156,342.8241882324219,46.30511474609375,74.71159362792969,24.877077102661133,122.8438720703125,514.0531005859375,158.74574279785156,218.10000610351562
2026-03-19,127.91000366210938,130.79539489746094,337.6617431640625,44.23390197753906,72.17771911621094,24.264436721801758,122.55069732666016,505.4632568359375,157.32977294921875,210.3000030517578
2026-03-20,127.55000305175781,131.04078674316406,332.30810546875,44.1092414855957,71.62934112548828,23.88817024230957,122.04386138916016,497.0643310546875,151.25291442871094,203.75
2026-03-23,121.43000030517578,130.79539489746094,334.31573486328125,44.96266174316406,73.59593200683594,24.22102165222168,122.32708740234375,496.1098937988281,151.292236328125,211.3000030517578
2026-03-24,122.43000030517578,129.7156524658203,334.12451171875,46.842098236083984,73.59593200683594,24.110071182250977,122.22770690917969,495.7281799316406,145.1563720703125,209.1999969482422
2026-03-25,126.55999755859375,130.20643615722656,338.2353210449219,47.96400833129883,74.57923126220703,24.88672637939453,122.57057189941406,500.30938720703125,144.44839477539062,211.8000030517578
2026-03-26,122.44000244140625,131.62974548339844,335.4629211425781,48.654415130615234,73.91739654541016,24.365737915039062,121.91963195800781,497.2552185058594,142.22610473632812,209.75
2026-03-27,126.05000305175781,129.6175079345703,335.4629211425781,49.95851135253906,73.5392074584961,24.03771209716797,121.8798828125,499.1640625,140.18081665039062,204.89999389648438
2026-03-30,127.63999938964844,131.18801879882812,341.58135986328125,50.82151794433594,73.80393981933594,24.129365921020508,122.23765563964844,510.42626953125,144.56639099121094,205.39999389648438
2026-03-31,128.8000030517578,134.13275146484375,343.4933776855469,50.24618148803711,73.74720764160156,24.230669021606445,122.35193634033203,514.816650390625,144.44839477539062,205.6999969482422
2026-04-01,132.4600067138672,134.37815856933594,351.52386474609375,48.84619140625,74.71159362792969,25.436655044555664,122.44137573242188,515.7711181640625,146.3756866455078,215.35000610351562
2026-04-02,130.10000610351562,132.4149932861328,351.71502685546875,48.84619140625,74.91960144042969,24.770950317382812,122.52088928222656,520.1614379882812,146.41500854492188,213.35000610351562
2026-04-07,129.1699981689453,128.43960571289062,351.04583740234375,49.79549789428711,73.97412109375,24.727535247802734,121.97429656982422,521.4976196289062,142.7964324951172,210.0
2026-04-08,130.8699951171875,135.0161895751953,361.46630859375,50.063987731933594,77.92621612548828,26.53169059753418,122.96809387207031,526.6514892578125,147.20166015625,231.5
2026-04-09,131.75,134.476318359375,361.6575012207031,51.377681732177734,77.88839721679688,26.6378173828125,122.6749267578125,529.7056884765625,137.17189025878906,226.75
2026-04-10,130.77000427246094,135.26158142089844,360.7015075683594,52.45164489746094,79.26879119873047,26.734294891357422,122.38175201416016,524.3609008789062,137.05389404296875,229.4499969482422
2026-04-13,129.39999389648438,133.49473571777344,362.2311096191406,52.4036979675293,79.30661010742188,26.51721954345703,122.13826751708984,528.1785888671875,140.121826171875,228.6999969482422
2026-04-14,131.1199951171875,135.35972595214844,367.10675048828125,51.52151107788086,78.00186157226562,27.53024673461914,122.56560516357422,535.2413330078125,141.06581115722656,237.25
2026-04-15,130.8000030517578,137.42105102539062,369.1143798828125,50.72563171386719,77.75603485107422,27.293874740600586,122.54076385498047,537.341064453125,144.09439086914062,237.39999389648438
2026-04-16,131.14999389648438,139.2369842529297,368.92315673828125,51.214664459228516,76.5836410522461,27.067148208618164,122.6202621459961,534.668701171875,149.1289520263672,239.60000610351562
2026-04-17,132.66000366210938,143.70315551757812,372.8428039550781,50.60097122192383,79.62808227539062,27.89204216003418,123.14201354980469,539.0590209960938,153.6325225830078,247.64999389648438
2026-04-20,131.1300048828125,142.1817169189453,372.173583984375,50.72563171386719,78.94733428955078,27.284225463867188,123.00286865234375,541.3496704101562,147.6933135986328,242.5500030517578
2026-04-21,129.7899932861328,142.37803649902344,377.4316101074219,51.291378021240234,78.92842864990234,27.071971893310547,122.73455047607422,542.1131591796875,148.63729858398438,241.60000610351562
2026-04-22,129.75,138.9425048828125,372.6515808105469,51.31055450439453,77.41565704345703,26.85489273071289,122.73455047607422,533.3324584960938,147.31967163085938,241.64999389648438
2026-04-23,129.97000122070312,135.55606079101562,372.93841552734375,52.01055145263672,76.6592788696289,26.266374588012695,122.724609375,532.1871337890625,138.35186767578125,243.39999389648438
2026-04-24,129.64999389648438,133.74012756347656,370.9307861328125,52.08726119995117,75.01414489746094,26.1071834564209,122.71964263916016,526.6514892578125,144.82205200195312,243.10000610351562
2026-04-27,128.22999572753906,135.26158142089844,371.12200927734375,52.04890441894531,74.97633361816406,26.160245895385742,122.58051300048828,516.15283203125,146.47401428222656,251.85000610351562
2026-04-28,125.5999984741211,135.26158142089844,374.6592102050781,52.202327728271484,75.0330581665039,26.333908081054688,122.36683654785156,519.3978881835938,146.39535522460938,251.14999389648438
2026-04-29,125.08000183105469,146.54974365234375,367.9671630859375,51.8283576965332,73.3311996459961,25.85151481628418,122.10845947265625,502.5999755859375,143.44541931152344,246.75
2026-04-30,126.70999908447266,144.6847381591797,371.88677978515625,52.4900016784668,73.67156982421875,25.56690216064453,122.5556640625,510.79998779296875,143.07176208496094,252.5500030517578
2026-05-04,124.62000274658203,138.6480255126953,360.7015075683594,52.849998474121094,71.87516021728516,25.03626823425293,122.1978988647461,508.3999938964844,145.5890350341797,249.5500030517578
2026-05-05,125.69999694824219,140.02223205566406,366.0551452636719,53.45000076293945,73.0097427368164,25.311233520507812,122.38672637939453,508.79998779296875,147.3000030517578,260.5
2026-05-06,128.36000061035156,145.51907348632812,375.2328186035156,52.52000045776367,76.96183776855469,26.29049301147461,122.87865447998047,523.5999755859375,149.32000732421875,268.29998779296875
2026-05-07,129.66000366210938,149.1999969482422,371.6000061035156,50.90999984741211,77.86949157714844,26.24225425720215,122.89356231689453,511.6000061035156,151.3800048828125,266.20001220703125
2026-05-08,128.7100067138672,146.85000610351562,369.1000061035156,51.650001525878906,77.35893249511719,26.208486557006836,122.82398986816406,502.0,146.1999969482422,264.95001220703125
2026-05-11,129.13999938964844,141.6999969482422,371.70001220703125,53.459999084472656,76.48909759521484,26.145774841308594,122.64511108398438,499.29998779296875,144.4600067138672,268.6499938964844
2026-05-12,127.77999877929688,142.0,368.20001220703125,53.20000076293945,75.65707397460938,25.81292152404785,122.29230499267578,468.8999938964844,142.39999389648438,264.6000061035156
2026-05-13,128.89999389648438,144.0,372.29998779296875,54.0,76.29999542236328,26.20366096496582,122.16312408447266,462.1000061035156,136.25999450683594,266.79998779296875
2026-05-14,129.10000610351562,146.8000030517578,380.29998779296875,53.38999938964844,76.37999725341797,26.44485855102539,122.55069732666016,468.20001220703125,141.22000122070312,273.70001220703125
2026-05-15,125.76000213623047,145.6999969482422,374.5,52.630001068115234,74.4000015258789,25.759859085083008,121.93211364746094,473.0,144.05999755859375,259.6000061035156
2026-05-18,125.33999633789062,147.3000030517578,381.3999938964844,52.959999084472656,74.12000274658203,25.9576416015625,121.9869384765625,483.79998779296875,147.86000061035156,260.5
2026-05-19,124.79000091552734,146.75,382.6000061035156,52.29999923706055,73.72000122070312,25.952816009521484,121.79257202148438,483.3999938964844,156.72000122070312,256.79998779296875
2026-05-20,125.43000030517578,148.1999969482422,385.70001220703125,51.099998474121094,74.36000061035156,27.067148208618164,122.43547058105469,485.79998779296875,153.4199981689453,264.1000061035156
2026-05-21,125.16000366210938,150.0,385.8999938964844,51.88999938964844,74.36000061035156,27.07679557800293,122.33081817626953,474.29998779296875,150.89999389648438,264.04998779296875
2026-05-22,125.30999755859375,154.5,385.6000061035156,51.66999816894531,74.4800033569336,27.173274993896484,122.71954345703125,469.0,151.77999877929688,268.6000061035156
2026-05-25,126.2300033569336,157.85000610351562,391.0,51.349998474121094,75.44000244140625,28.249013900756836,123.28768920898438,474.0,154.47999572753906,276.75
2026-05-26,124.70999908447266,157.1999969482422,388.8999938964844,51.31999969482422,75.26000213623047,27.62190055847168,123.04348754882812,473.1000061035156,151.4600067138672,272.54998779296875
2026-05-27,122.6500015258789,165.64999389648438,389.3999938964844,51.09000015258789,77.0199966430664,27.55919075012207,123.09830474853516,467.70001220703125,150.0,274.04998779296875
2026-05-28,123.69999694824219,167.14999389648438,380.8999938964844,50.720001220703125,75.94000244140625,27.399999618530273,123.2577896118164,456.79998779296875,151.60000610351562,271.6499938964844
2026-05-29,126.0199966430664,166.60000610351562,381.6000061035156,50.81999969482422,74.76000213623047,27.860000610351562,123.41726684570312,452.29998779296875,155.25999450683594,269.79998779296875
2026-06-01,123.83000183105469,165.0,374.8999938964844,50.84000015258789,73.72000122070312,27.520000457763672,122.99364471435547,444.8999938964844,167.89999389648438,272.6499938964844
2026-06-02,124.58000183105469,166.85000610351562,376.70001220703125,51.06999969482422,72.9800033569336,27.950000762939453,123.14315795898438,442.3999938964844,162.86000061035156,278.70001220703125
2026-06-03,123.04000091552734,161.60000610351562,368.6000061035156,50.779998779296875,71.31999969482422,26.93000030517578,122.77436828613281,439.0,155.94000244140625,275.0
2026-06-04,123.73999786376953,160.5500030517578,371.29998779296875,50.650001525878906,70.23999786376953,27.735000610351562,122.86407470703125,441.20001220703125,164.5,272.04998779296875
2026-06-05,121.12000274658203,161.4499969482422,372.79998779296875,50.97999954223633,70.37999725341797,27.530000686645508,122.80426788330078,448.1000061035156,161.47999572753906,268.79998779296875
2026-06-08,120.7699966430664,164.5500030517578,374.1000061035156,48.849998474121094,69.73999786376953,27.309999465942383,122.67469024658203,448.8999938964844,158.10000610351562,268.0
2026-06-09,118.94000244140625,167.35000610351562,377.8999938964844,48.525001525878906,68.72000122070312,27.350000381469727,122.69462585449219,456.20001220703125,154.6999969482422,264.29998779296875
2026-06-10,114.81999969482422,172.10000610351562,381.5,47.97999954223633,67.62000274658203,27.094999313354492,122.5899658203125,460.29998779296875,149.6999969482422,258.3999938964844
2026-06-11,113.87000274658203,173.3000030517578,383.29998779296875,48.875,66.54000091552734,26.959999084472656,122.87403869628906,461.5,139.89999389648438,258.5
2026-06-12,117.20999908447266,176.35000610351562,386.3999938964844,49.5,67.0,28.739999771118164,123.1132583618164,458.8999938964844,140.25999450683594,264.5
2026-06-15,120.66999816894531,176.35000610351562,394.70001220703125,49.224998474121094,68.33999633789062,29.979999542236328,123.3973388671875,462.70001220703125,143.17999267578125,270.3500061035156
2026-06-16,119.87000274658203,174.1999969482422,399.0,49.11000061035156,67.9000015258789,30.200000762939453,123.47706604003906,468.79998779296875,142.89999389648438,273.04998779296875
2026-06-17,120.83999633789062,173.10000610351562,400.20001220703125,49.8849983215332,62.2400016784668,30.940000534057617,123.45215606689453,464.6000061035156,141.17999267578125,273.1000061035156
2026-06-18,118.56999969482422,177.9499969482422,400.0,48.53499984741211,59.7400016784668,30.924999237060547,123.49201965332031,464.70001220703125,134.86000061035156,276.79998779296875
2026-06-19,116.43000030517578,174.89999389648438,400.3999938964844,49.005001068115234,59.97999954223633,31.1200008392334,123.17305755615234,471.0,134.13999938964844,274.5
2026-06-22,117.61000061035156,174.5,406.6000061035156,49.16999816894531,60.939998626708984,31.5,123.37739562988281,478.0,132.22000122070312,279.0
2026-06-23,116.75,171.10000610351562,405.20001220703125,48.904998779296875,61.060001373291016,30.959999084472656,123.5916976928711,475.29998779296875,134.52000427246094,272.25
2026-06-24,113.5,176.0,404.5,48.88999938964844,60.900001525878906,30.15999984741211,123.8807601928711,479.5,134.86000061035156,271.3999938964844
2026-06-25,113.68000030517578,177.89999389648438,407.1000061035156,48.275001525878906,60.779998779296875,30.479999542236328,123.96049499511719,480.5,132.27999877929688,272.3999938964844
2026-06-26,115.12999725341797,181.6999969482422,407.8999938964844,47.7599983215332,59.060001373291016,29.6299991607666,124.04521179199219,477.70001220703125,135.13999938964844,267.5
2026-06-29,113.2300033569336,180.89999389648438,408.79998779296875,46.93000030517578,57.5,29.524999618530273,123.95053100585938,485.29998779296875,136.63999938964844,269.20001220703125
2026-06-30,113.4800033569336,179.39999389648438,414.1000061035156,46.779998779296875,57.2599983215332,29.625,123.970458984375,488.5,134.0,281.1499938964844
2026-07-01,115.2300033569336,181.0,414.1000061035156,46.79499816894531,58.20000076293945,29.7450008392334,123.96049499511719,490.70001220703125,140.8800048828125,273.45001220703125
2026-07-02,116.04000091552734,183.6999969482422,418.3999938964844,47.63999938964844,60.20000076293945,31.325000762939453,123.90068817138672,498.70001220703125,141.72000122070312,276.8999938964844
2026-07-03,117.13999938964844,185.3000030517578,419.79998779296875,47.779998779296875,60.560001373291016,31.829999923706055,123.65648651123047,496.3999938964844,139.63999938964844,284.1000061035156
2026-07-06,116.9000015258789,185.39999389648438,420.20001220703125,47.33000183105469,60.119998931884766,32.29499816894531,123.65150451660156,495.8999938964844,140.05999755859375,281.6000061035156
2026-07-07,116.62999725341797,187.89999389648438,422.79998779296875,47.35499954223633,60.7400016784668,32.30500030517578,123.40231323242188,508.0,143.89999389648438,269.6000061035156
2026-07-08,113.69999694824219,179.14999389648438,418.5,47.619998931884766,58.599998474121094,30.690000534057617,122.74945068359375,505.79998779296875,137.9600067138672,265.54998779296875
2026-07-09,116.0999984741211,181.5500030517578,422.70001220703125,47.439998626708984,58.279998779296875,30.93000030517578,122.99364471435547,499.79998779296875,137.74000549316406,273.79998779296875
2026-07-10,115.43000030517578,181.85000610351562,421.6000061035156,47.54999923706055,58.13999938964844,31.350000381469727,123.04348754882812,503.6000061035156,137.5800018310547,272.8500061035156
2026-07-13,113.29000091552734,183.60000610351562,421.0,48.849998474121094,57.91999816894531,31.0,122.79927825927734,510.0,140.72000122070312,272.1000061035156
2026-07-14,114.66000366210938,180.60000610351562,421.0,49.41999816894531,57.31999969482422,31.44499969482422,122.75443267822266,512.0,136.72000122070312,272.8999938964844
2026-07-15,113.83999633789062,182.89999389648438,416.3999938964844,47.939998626708984,58.91999816894531,31.80500030517578,122.76439666748047,508.20001220703125,136.97999572753906,270.1000061035156
2026-07-16,112.7699966430664,182.9499969482422,419.6000061035156,48.415000915527344,58.31999969482422,31.68000030517578,122.64478302001953,512.2000122070312,137.63999938964844,270.70001220703125
2026-07-17,112.79000091552734,181.10000610351562,422.8999938964844,48.54499816894531,58.540000915527344,30.834999084472656,122.65475463867188,515.5999755859375,137.9199981689453,264.54998779296875
2026-07-20,113.13999938964844,181.5,422.79998779296875,48.06999969482422,58.34000015258789,30.65999984741211,122.56006622314453,516.5999755859375,138.25999450683594,265.1499938964844
2026-07-21,114.98999786376953,179.39999389648438,422.79998779296875,48.244998931884766,57.560001373291016,31.06999969482422,122.45540618896484,502.3999938964844,136.4199981689453,270.45001220703125
2026-07-22,117.19000244140625,179.25,426.1000061035156,48.970001220703125,57.65999984741211,31.225000381469727,122.31585693359375,503.79998779296875,132.0399932861328,271.25
2026-07-23,114.52999877929688,176.5,424.3999938964844,48.869998931884766,56.91999816894531,29.969999313354492,122.1015625,506.20001220703125,128.32000732421875,268.20001220703125
2026-07-24,115.11000061035156,173.60000610351562,427.1000061035156,48.56999969482422,56.959999084472656,30.59000015258789,122.39559936523438,509.0,140.1999969482422,272.25
2026-07-27,115.16000366210938,179.64999389648438,430.3999938964844,48.209999084472656,57.47999954223633,30.979999542236328,122.68465423583984,520.2000122070312,151.27999877929688,272.75
2026-07-28,113.83999633789062,181.10000610351562,432.3999938964844,48.96500015258789,59.540000915527344,30.934999465942383,122.8541030883789,527.0,159.24000549316406,271.75
2026-07-29,113.36000061035156,182.25,428.20001220703125,50.86000061035156,60.29999923706055,31.264999389648438,122.55508422851562,524.2000122070312,162.0399932861328,271.25
2026-07-30,114.44999694824219,161.25,431.5,51.2400016784668,60.18000030517578,31.860000610351562,122.60990142822266,522.7999877929688,155.9199981689453,281.1000061035156
2026-07-31,112.93000030517578,159.39999389648438,432.5,50.400001525878906,59.29999923706055,31.875,122.38064575195312,522.2000122070312,157.67999267578125,282.6499938964844
2026-08-03,112.80999755859375,164.8000030517578,432.8999938964844,51.060001373291016,60.060001373291016,32.19499969482422,122.70957946777344,521.0,164.63999938964844,285.29998779296875
2026-08-04,113.9000015258789,160.64999389648438,434.70001220703125,50.439998626708984,59.959999084472656,32.709999084472656,122.97371673583984,514.7999877929688,167.3800048828125,287.45001220703125
2026-08-05,118.5999984741211,163.0,436.6000061035156,50.70000076293945,59.099998474121094,32.83000183105469,123.05843353271484,515.0,169.25999450683594,285.95001220703125
2026-08-06,118.5999984741211,164.8000030517578,440.70001220703125,51.31999969482422,58.619998931884766,32.724998474121094,122.91889190673828,522.5999755859375,170.97999572753906,273.1000061035156
2026-08-07,121.0999984741211,164.0500030517578,433.5,51.5,59.779998779296875,32.88999938964844,122.91390991210938,515.4000244140625,177.9600067138672,279.79998779296875
2026-08-10,121.19999694824219,167.35000610351562,437.70001220703125,51.630001068115234,59.29999923706055,33.22999954223633,122.6248550415039,517.2000122070312,179.3000030517578,276.95001220703125
2026-08-11,122.01000213623047,162.1999969482422,435.70001220703125,51.2599983215332,60.119998931884766,33.16999816894531,122.7394790649414,514.5999755859375,180.6999969482422,280.25
2026-08-12,123.18000030517578,158.5,438.8999938964844,51.27000045776367,59.31999969482422,33.349998474121094,122.75941467285156,514.7999877929688,175.9600067138672,281.95001220703125
2026-08-13,121.66000366210938,159.25,437.79998779296875,50.16999816894531,58.7599983215332,33.13999938964844,122.93882751464844,510.3999938964844,175.3800048828125,284.1000061035156
2026-08-14,121.83000183105469,157.5500030517578,442.70001220703125,51.150001525878906,59.400001525878906,33.3849983215332,122.5849838256836,517.7999877929688,180.13999938964844,284.0
2026-08-17,122.79000091552734,152.60000610351562,438.6000061035156,50.5099983215332,58.34000015258789,33.064998626708984,122.5199966430664,516.7999877929688,179.5800018310547,282.29998779296875
2026-08-18,121.06999969482422,154.6999969482422,442.0,50.9900016784668,57.959999084472656,32.80500030517578,122.25499725341797,523.5999755859375,182.5,275.79998779296875
2026-08-19,123.69000244140625,155.89999389648438,438.0,51.790000915527344,58.36000061035156,32.60499954223633,122.21499633789062,514.5999755859375,185.89999389648438,276.6499938964844
2026-08-20,124.62000274658203,151.0,438.29998779296875,51.5,57.91999816894531,32.290000915527344,122.29000091552734,513.2000122070312,185.63999938964844,276.0
2026-08-21,126.87999725341797,154.4499969482422,440.79998779296875,51.66999816894531,58.880001068115234,32.375,122.32499694824219,516.4000244140625,188.1199951171875,280.3500061035156
2026-08-24,128.82000732421875,155.25,445.3999938964844,52.43000030517578,58.31999969482422,33.05500030517578,122.30000305175781,518.5999755859375,187.1999969482422,280.6000061035156
2026-08-25,128.1999969482422,152.60000610351562,450.0,51.68000030517578,58.0,33.20000076293945,122.68499755859375,517.2000122070312,185.4600067138672,285.54998779296875
2026-08-26,126.9000015258789,150.6999969482422,451.70001220703125,51.779998779296875,57.68000030517578,34.630001068115234,122.50499725341797,515.7999877929688,180.02000427246094,288.1000061035156
2026-08-27,126.91000366210938,153.10000610351562,445.20001220703125,51.5099983215332,59.939998626708984,34.439998626708984,122.38999938964844,514.4000244140625,189.8800048828125,286.95001220703125
2026-08-28,126.33000183105469,154.1999969482422,453.0,52.52000045776367,62.63999938964844,34.904998779296875,122.19499969482422,518.0,191.32000732421875,289.8500061035156
2026-08-31,122.68000030517578,151.39999389648438,450.79998779296875,52.97999954223633,61.97999954223633,34.65999984741211,121.93000030517578,518.7999877929688,190.89999389648438,285.6000061035156
2026-09-01,121.05999755859375,147.9499969482422,451.79998779296875,53.029998779296875,61.20000076293945,34.5099983215332,121.8499984741211,524.5999755859375,184.25999450683594,277.8500061035156
2026-09-02,121.26000213623047,149.5500030517578,449.20001220703125,53.380001068115234,60.68000030517578,34.875,121.58499908447266,523.2000122070312,181.44000244140625,273.79998779296875
2026-09-03,124.55999755859375,148.6999969482422,453.29998779296875,53.5099983215332,61.7599983215332,35.54999923706055,121.86000061035156,528.0,185.5800018310547,270.6000061035156
2026-09-04,122.87000274658203,149.14999389648438,450.6000061035156,53.36000061035156,62.79999923706055,35.56999969482422,121.87999725341797,527.5999755859375,185.67999267578125,272.6499938964844
2026-09-07,122.02999877929688,147.60000610351562,447.3999938964844,53.029998779296875,62.84000015258789,35.525001525878906,121.61499786376953,513.0,182.8000030517578,270.3999938964844
2026-09-08,121.75,147.85000610351562,445.3999938964844,53.66999816894531,63.70000076293945,35.75,121.75499725341797,502.3999938964844,181.6999969482422,272.5
2026-09-09,121.77999877929688,146.4499969482422,437.1000061035156,52.70000076293945,62.65999984741211,35.040000915527344,121.2699966430664,496.0,182.86000061035156,264.3999938964844
2026-09-10,120.87000274658203,142.6999969482422,439.5,53.34000015258789,62.70000076293945,34.845001220703125,120.70500183105469,498.0,177.82000732421875,258.1000061035156
2026-09-11,121.16000366210938,142.75,442.29998779296875,51.83000183105469,63.0,34.84000015258789,120.76000213623047,503.3999938964844,177.25999450683594,264.6499938964844
2026-09-14,119.58000183105469,143.89999389648438,444.5,52.380001068115234,62.720001220703125,34.150001525878906,120.49500274658203,510.6000061035156,186.25999450683594,261.79998779296875
2026-09-15,119.37000274658203,141.89999389648438,444.6000061035156,51.84000015258789,62.86000061035156,33.34000015258789,120.4800033569336,512.7999877929688,187.0800018310547,258.79998779296875
2026-09-16,121.20999908447266,144.64999389648438,449.20001220703125,52.130001068115234,62.13999938964844,33.630001068115234,120.6449966430664,511.6000061035156,186.55999755859375,260.5
2026-09-17,122.16000366210938,142.39999389648438,451.1000061035156,52.369998931884766,63.220001220703125,34.244998931884766,120.81999969482422,510.6000061035156,188.0,266.6000061035156
2026-09-18,122.16999816894531,142.25,443.29998779296875,51.619998931884766,60.400001525878906,33.04999923706055,120.50499725341797,505.79998779296875,183.1199951171875,264.0
2026-09-21,122.04000091552734,143.14999389648438,445.1000061035156,51.36000061035156,60.13999938964844,33.189998626708984,120.94499969482422,508.79998779296875,182.86000061035156,273.5
2026-09-22,121.79000091552734,146.85000610351562,430.20001220703125,51.790000915527344,59.58000183105469,32.63999938964844,120.92500305175781,501.79998779296875,182.32000732421875,273.8500061035156
2026-09-23,120.95999908447266,144.4499969482422,413.1000061035156,52.18000030517578,57.880001068115234,31.65999984741211,120.29000091552734,502.6000061035156,186.4600067138672,273.95001220703125
2026-09-24,120.19999694824219,142.25,419.20001220703125,52.29999923706055,56.459999084472656,30.93000030517578,120.0199966430664,512.5999755859375,184.17999267578125,274.79998779296875
2026-09-25,120.86000061035156,146.5,423.5,50.41999816894531,55.720001220703125,31.760000228881836,120.12000274658203,510.3999938964844,185.9199981689453,278.29998779296875
2026-09-28,117.79000091552734,147.14999389648438,424.70001220703125,49.75,56.099998474121094,31.854999542236328,120.0250015258789,512.4000244140625,183.66000366210938,278.54998779296875
